customer_id,name,tenure_months,monthly_charges,contract_type,usage_units,usage_change_pct,complaints_3m,payment_failures_6m,payment_method,churned
CUST00000,Ravi Shankar,30,1000.0,month-to-month,70.0,-72.0,5,1,manual,1
CUST00001,Divya Bose,7,1187.04,one-year,143.7,-0.2,1,0,autopay,0
CUST00002,Shreya Shah,56,596.39,two-year,136.2,-27.4,0,0,autopay,0
CUST00003,Ishaan Gupta,48,551.18,two-year,298.4,-25.7,1,0,manual,0
CUST00004,Nikita Menon,32,1010.9,month-to-month,153.6,-26.9,0,1,autopay,0
CUST00005,Dhruv Chopra,32,1195.99,month-to-month,221.6,6.8,1,0,autopay,0
CUST00006,Aditya Iyer,62,864.09,one-year,211.6,35.2,0,0,manual,0
CUST00007,Aadhya Menon,7,399.76,month-to-month,258.3,22.5,1,0,autopay,1
CUST00008,Deepak Singh,51,373.91,two-year,505.2,-36.1,1,0,autopay,0
CUST00009,Anjali Kulkarni,15,350.5,month-to-month,412.7,23.6,0,0,autopay,0
CUST00010,Tanvi Singh,7,299.0,month-to-month,322.3,14.9,0,0,autopay,0
CUST00011,Deepak Chatterjee,38,888.32,month-to-month,255.5,-29.8,1,0,autopay,0
CUST00012,Dhruv Kulkarni,71,1243.77,two-year,259.3,-7.5,3,0,autopay,0
CUST00013,Divya Chopra,53,845.3,month-to-month,365.9,17.7,0,1,autopay,0
CUST00014,Tanvi Reddy,55,299.0,month-to-month,401.8,7.9,2,1,manual,0
CUST00015,Reyansh Nair,52,783.23,month-to-month,192.9,-25.6,0,1,autopay,0
CUST00016,Reyansh Kumar,57,793.02,month-to-month,325.1,9.0,0,0,manual,1
CUST00017,Dhruv Banerjee,37,1583.6,month-to-month,35.6,-40.5,1,0,autopay,1
CUST00018,Vihaan Pandey,10,340.0,one-year,349.6,-6.0,0,0,manual,0
CUST00019,Karan Nair,61,713.26,month-to-month,426.7,18.5,1,0,autopay,1
CUST00020,Simran Rao,33,1447.05,one-year,280.8,-1.7,0,0,manual,0
CUST00021,Aryan Chatterjee,37,1007.49,two-year,574.3,-11.0,0,0,autopay,0
CUST00022,Tanvi Chopra,27,1047.16,month-to-month,196.6,14.0,0,0,autopay,0
CUST00023,Nikita Desai,14,890.1,month-to-month,350.4,15.5,3,1,autopay,1
CUST00024,Dhruv Mehta,67,965.48,one-year,315.0,21.6,1,0,autopay,0
CUST00025,Amit Chauhan,57,1122.16,month-to-month,306.0,13.7,1,0,manual,1
CUST00026,Myra Kulkarni,47,566.68,month-to-month,304.0,17.5,0,0,manual,0
CUST00027,Karan Shah,29,1157.32,two-year,335.0,11.2,2,1,manual,0
CUST00028,Swati Desai,60,369.45,two-year,438.7,2.8,1,0,autopay,0
CUST00029,Nisha Joshi,40,964.93,one-year,512.9,-0.4,0,0,manual,0
CUST00030,Myra Patel,32,912.56,month-to-month,319.7,-6.3,0,0,manual,0
CUST00031,Deepak Mukherjee,33,634.3,one-year,434.1,-23.8,0,0,autopay,0
CUST00032,Shreya Kapoor,17,842.06,one-year,221.8,-19.2,1,1,autopay,0
CUST00033,Manoj Verma,7,632.11,month-to-month,427.2,-7.1,0,0,manual,0
CUST00034,Kiran Malhotra,40,474.9,one-year,213.3,2.3,0,0,autopay,0
CUST00035,Rajat Desai,64,726.23,month-to-month,472.7,23.9,2,0,autopay,0
CUST00036,Ananya Menon,5,463.6,month-to-month,629.5,-2.8,0,1,manual,1
CUST00037,Aryan Kumar,62,962.98,month-to-month,302.9,16.1,1,0,autopay,0
CUST00038,Amit Pillai,60,447.47,month-to-month,13.0,17.4,0,0,autopay,0
CUST00039,Deepak Sharma,20,1099.19,month-to-month,243.3,-6.2,0,0,autopay,0
CUST00040,Nisha Desai,46,436.48,two-year,492.5,8.7,0,0,manual,0
CUST00041,Sneha Singh,12,651.8,two-year,397.4,-6.4,0,0,manual,0
CUST00042,Manoj Bose,55,631.39,one-year,354.8,21.8,0,1,manual,0
CUST00043,Ishaan Patel,51,1313.8,two-year,461.2,9.4,0,0,manual,0
CUST00044,Diya Malhotra,26,965.6,two-year,387.8,-23.4,0,1,autopay,1
CUST00045,Amit Shah,5,775.89,month-to-month,490.5,0.9,1,0,manual,1
CUST00046,Aditya Verma,70,1024.55,month-to-month,448.7,27.7,0,0,autopay,0
CUST00047,Shreya Kulkarni,33,299.0,month-to-month,533.0,-5.3,1,0,autopay,0
CUST00048,Ishaan Chopra,65,834.9,month-to-month,370.2,6.1,0,1,manual,0
CUST00049,Manoj Reddy,49,1549.13,one-year,446.7,7.8,0,0,manual,1
CUST00050,Meera Pandey,57,896.32,month-to-month,277.0,-20.7,0,0,autopay,0
CUST00051,Anjali Chauhan,55,873.77,month-to-month,235.8,7.2,0,0,manual,0
CUST00052,Manoj Pillai,15,1041.84,month-to-month,558.9,-27.1,0,0,manual,1
CUST00053,Ishita Menon,27,1163.46,month-to-month,350.3,-13.3,0,1,autopay,1
CUST00054,Ramesh Kumar,34,299.0,two-year,432.7,17.4,2,0,autopay,0
CUST00055,Ananya Mukherjee,36,299.0,month-to-month,337.3,4.4,0,1,autopay,0
CUST00056,Sneha Malhotra,4,923.6,month-to-month,237.9,-7.5,0,0,autopay,0
CUST00057,Shreya Shah,40,599.79,month-to-month,321.5,6.0,2,0,autopay,1
CUST00058,Arjun Agarwal,12,1309.21,month-to-month,521.0,-3.1,0,0,autopay,0
CUST00059,Diya Chauhan,54,739.69,one-year,397.7,-1.8,0,0,autopay,0
CUST00060,Aarav Menon,50,299.0,month-to-month,80.4,9.8,2,0,autopay,0
CUST00061,Priya Verma,67,406.2,month-to-month,289.9,-15.1,1,0,manual,1
CUST00062,Manoj Chopra,54,299.0,month-to-month,569.5,-1.3,2,0,manual,0
CUST00063,Vivaan Mehta,27,768.06,two-year,290.1,-7.6,0,0,autopay,0
CUST00064,Neha Desai,70,784.07,one-year,67.9,-30.5,1,1,autopay,0
CUST00065,Aadhya Shah,30,701.44,one-year,585.0,-18.6,1,1,autopay,0
CUST00066,Manoj Kapoor,24,1227.61,one-year,415.5,26.2,1,0,autopay,0
CUST00067,Kabir Chauhan,66,1269.48,one-year,310.2,4.9,0,0,autopay,0
CUST00068,Krishna Bhatt,27,790.36,month-to-month,268.0,-25.8,0,0,autopay,0
CUST00069,Arjun Chauhan,6,299.0,month-to-month,471.5,-29.7,0,0,autopay,0
CUST00070,Aadhya Iyer,34,1066.05,month-to-month,244.1,-4.0,0,0,manual,0
CUST00071,Riya Kulkarni,58,1044.38,month-to-month,480.8,26.1,1,0,autopay,1
CUST00072,Pallavi Pandey,14,958.29,two-year,395.9,-5.4,0,0,manual,0
CUST00073,Anika Rao,34,1193.52,month-to-month,354.3,21.5,0,0,autopay,1
CUST00074,Ishaan Shah,10,442.31,one-year,340.4,4.3,0,0,autopay,0
CUST00075,Amit Bhatt,50,1553.06,two-year,295.5,6.5,2,0,manual,1
CUST00076,Aditya Joshi,35,514.2,month-to-month,466.4,-26.0,3,0,autopay,1
CUST00077,Ananya Pandey,24,1112.23,two-year,198.9,14.9,0,0,manual,1
CUST00078,Nisha Mukherjee,17,299.0,one-year,92.9,-8.0,0,0,manual,0
CUST00079,Dhruv Reddy,41,524.41,two-year,406.0,13.5,2,0,autopay,0
CUST00080,Sneha Singh,49,1380.73,month-to-month,408.4,-16.7,0,0,autopay,0
CUST00081,Myra Kapoor,68,758.69,month-to-month,387.2,1.2,2,0,autopay,0
CUST00082,Swati Bhatt,32,1143.97,month-to-month,377.1,4.3,1,0,autopay,0
CUST00083,Karan Shah,12,932.93,month-to-month,275.1,-4.8,0,1,autopay,1
CUST00084,Shreya Mukherjee,60,813.26,month-to-month,430.2,5.3,0,1,autopay,1
CUST00085,Tanvi Mukherjee,46,1327.35,two-year,313.6,-6.8,2,0,manual,0
CUST00086,Suresh Ghosh,51,767.17,one-year,251.8,-13.7,0,0,manual,0
CUST00087,Ishaan Bhatt,8,299.0,month-to-month,276.3,26.9,0,0,autopay,0
CUST00088,Aarav Ghosh,23,568.87,month-to-month,602.9,16.9,0,0,autopay,0
CUST00089,Suresh Malhotra,56,1042.92,month-to-month,77.1,-15.7,0,1,manual,0
CUST00090,Riya Chauhan,60,988.43,month-to-month,390.0,8.2,0,0,manual,1
CUST00091,Yash Desai,32,301.53,two-year,84.9,-15.4,0,0,autopay,0
CUST00092,Shreya Rao,58,596.48,month-to-month,304.8,-23.3,0,0,autopay,0
CUST00093,Rajat Agarwal,61,646.4,month-to-month,259.3,16.6,0,1,manual,0
CUST00094,Kavya Kulkarni,28,722.09,one-year,28.1,-32.7,1,0,manual,0
CUST00095,Vikram Joshi,65,368.43,month-to-month,374.5,14.7,2,2,manual,1
CUST00096,Nikita Sharma,21,630.07,month-to-month,266.8,-6.5,0,0,autopay,1
CUST00097,Shreya Ghosh,18,594.99,one-year,26.1,-5.8,0,1,autopay,0
CUST00098,Nisha Malhotra,50,1120.04,one-year,437.5,5.4,1,0,autopay,0
CUST00099,Sai Menon,46,1133.19,two-year,520.9,8.5,0,0,autopay,0
CUST00100,Sai Das,11,798.97,one-year,528.6,-16.9,0,2,manual,1
CUST00101,Amit Kumar,60,712.79,month-to-month,370.3,10.9,0,0,autopay,0
CUST00102,Ishita Ghosh,15,898.97,one-year,326.4,0.0,0,0,manual,0
CUST00103,Reyansh Reddy,58,564.2,two-year,505.9,-24.6,1,0,manual,0
CUST00104,Amit Chatterjee,1,448.61,one-year,555.5,-5.1,0,1,manual,0
CUST00105,Swati Mukherjee,58,520.92,two-year,478.7,22.9,1,0,manual,0
CUST00106,Vihaan Rao,57,627.82,one-year,188.2,28.2,1,0,manual,0
CUST00107,Sanjay Agarwal,57,442.78,two-year,348.2,10.9,0,0,autopay,0
CUST00108,Ananya Pandey,48,906.72,month-to-month,381.5,-23.4,1,1,autopay,1
CUST00109,Aadhya Kapoor,34,1105.4,one-year,66.7,6.8,0,1,autopay,0
CUST00110,Vikram Joshi,51,299.0,month-to-month,385.7,13.3,2,0,manual,0
CUST00111,Aryan Kumar,20,858.8,one-year,638.2,11.1,0,0,manual,0
CUST00112,Krishna Kapoor,57,773.02,one-year,409.6,12.1,0,0,autopay,0
CUST00113,Nikita Rao,41,969.53,two-year,526.3,4.5,1,0,autopay,0
CUST00114,Ananya Bose,34,845.47,two-year,345.6,-3.3,0,0,autopay,0
CUST00115,Ishaan Chatterjee,37,341.24,month-to-month,309.7,-13.0,1,0,autopay,0
CUST00116,Amit Joshi,41,408.16,one-year,373.4,-36.2,0,1,manual,0
CUST00117,Kabir Banerjee,3,860.3,one-year,205.8,4.1,0,0,autopay,0
CUST00118,Manoj Banerjee,11,1210.07,month-to-month,185.1,1.3,0,1,manual,1
CUST00119,Vihaan Singh,18,299.0,month-to-month,497.3,8.0,1,1,autopay,0
CUST00120,Ishita Desai,9,971.0,month-to-month,512.1,-26.1,0,0,autopay,0
CUST00121,Aadhya Mukherjee,32,1266.37,one-year,181.2,9.6,0,0,autopay,0
CUST00122,Swati Kapoor,49,796.44,month-to-month,455.5,35.0,0,1,manual,0
CUST00123,Priya Das,48,1042.57,two-year,307.8,-0.6,0,0,manual,0
CUST00124,Pallavi Ghosh,34,603.93,month-to-month,367.6,-3.1,0,1,autopay,0
CUST00125,Aryan Iyer,62,808.22,two-year,384.4,3.6,1,1,autopay,0
CUST00126,Anika Nair,41,299.0,month-to-month,459.2,34.6,0,3,manual,1
CUST00127,Sanjay Verma,6,299.0,one-year,331.6,-20.4,1,1,manual,0
CUST00128,Krishna Pillai,56,1179.97,month-to-month,517.4,1.7,1,0,manual,0
CUST00129,Pallavi Gupta,42,505.25,one-year,363.3,-16.4,0,0,manual,0
CUST00130,Manoj Iyer,46,690.57,one-year,407.4,-11.8,1,1,manual,0
CUST00131,Rahul Bose,41,364.75,two-year,203.3,-2.9,0,0,autopay,0
CUST00132,Aryan Mehta,40,356.51,one-year,622.2,22.3,0,0,manual,0
CUST00133,Sanjay Desai,7,789.16,month-to-month,385.8,30.4,1,0,autopay,0
CUST00134,Anjali Malhotra,41,594.65,month-to-month,419.8,6.1,0,1,autopay,0
CUST00135,Yash Chauhan,58,982.29,month-to-month,94.9,-8.8,1,0,manual,1
CUST00136,Sneha Chopra,22,1008.39,month-to-month,204.8,42.9,0,1,manual,1
CUST00137,Aditya Agarwal,44,962.3,one-year,493.3,-9.7,0,1,autopay,0
CUST00138,Saanvi Banerjee,3,933.51,one-year,360.2,-12.3,0,2,autopay,1
CUST00139,Krishna Kumar,26,1402.22,one-year,52.1,-33.9,0,0,manual,1
CUST00140,Neha Chatterjee,32,476.34,two-year,465.4,23.1,0,0,manual,0
CUST00141,Neha Kulkarni,71,830.77,one-year,243.9,15.4,0,0,manual,0
CUST00142,Priya Rao,16,1246.44,one-year,517.6,41.5,0,1,autopay,1
CUST00143,Rahul Bhatt,20,1292.59,month-to-month,307.7,-27.0,0,0,autopay,0
CUST00144,Pallavi Singh,30,352.38,month-to-month,348.7,24.2,1,0,manual,0
CUST00145,Rohan Verma,72,740.68,one-year,485.1,-0.7,2,0,manual,0
CUST00146,Kabir Menon,62,1325.34,two-year,194.4,12.5,2,1,manual,0
CUST00147,Kabir Reddy,3,1027.83,month-to-month,181.0,-31.7,1,0,manual,1
CUST00148,Pallavi Chopra,17,918.34,month-to-month,292.5,24.4,1,0,autopay,1
CUST00149,Arjun Chatterjee,60,773.81,one-year,435.8,12.2,0,1,autopay,0
CUST00150,Vivaan Mukherjee,5,715.67,month-to-month,133.7,-2.7,0,0,manual,0
CUST00151,Krishna Mukherjee,62,950.88,month-to-month,86.5,9.6,1,0,autopay,0
CUST00152,Ramesh Nair,21,761.67,two-year,435.3,-15.8,0,0,manual,0
CUST00153,Pooja Bose,67,835.1,one-year,235.6,-12.4,0,1,manual,0
CUST00154,Pallavi Pillai,22,877.51,month-to-month,265.1,-10.3,0,0,manual,1
CUST00155,Rohan Singh,32,612.67,two-year,60.0,-35.3,2,1,autopay,0
CUST00156,Saanvi Reddy,48,1036.25,month-to-month,224.9,13.5,0,0,manual,0
CUST00157,Neha Gupta,10,1869.99,two-year,318.9,19.4,0,0,autopay,1
CUST00158,Vihaan Rao,41,299.0,month-to-month,450.3,-14.6,0,0,autopay,0
CUST00159,Pallavi Agarwal,37,963.4,one-year,212.0,4.3,2,1,autopay,0
CUST00160,Deepak Ghosh,57,583.93,month-to-month,552.0,-6.8,1,2,autopay,0
CUST00161,Reyansh Das,72,1052.09,month-to-month,224.2,3.9,1,0,manual,1
CUST00162,Anjali Gupta,48,866.3,two-year,224.4,-13.3,1,0,manual,0
CUST00163,Myra Verma,30,1116.65,month-to-month,535.2,-17.9,1,1,autopay,1
CUST00164,Ananya Mukherjee,30,1261.43,month-to-month,349.6,16.9,0,0,manual,0
CUST00165,Swati Rao,31,917.35,month-to-month,242.7,-3.1,0,0,autopay,1
CUST00166,Ishita Shah,59,1246.22,one-year,298.3,34.4,0,2,manual,0
CUST00167,Kabir Kumar,24,299.0,one-year,509.4,-1.2,0,0,manual,0
CUST00168,Deepak Reddy,13,1406.66,two-year,525.3,-18.7,1,0,autopay,0
CUST00169,Vikram Desai,25,981.27,month-to-month,205.6,20.1,0,0,autopay,0
CUST00170,Rohan Iyer,2,1227.25,month-to-month,314.1,9.4,1,0,autopay,1
CUST00171,Rahul Menon,8,423.04,month-to-month,332.6,11.1,0,1,autopay,0
CUST00172,Tanvi Reddy,7,559.23,one-year,181.9,19.4,0,0,manual,0
CUST00173,Karan Verma,56,901.08,two-year,312.2,-13.8,0,0,autopay,0
CUST00174,Kavya Menon,53,844.04,one-year,320.7,-4.3,0,0,autopay,0
CUST00175,Anjali Nair,51,949.07,one-year,479.6,-5.1,2,0,autopay,0
CUST00176,Ishaan Chopra,34,1229.58,month-to-month,489.0,-25.2,0,0,manual,0
CUST00177,Vikram Chopra,52,299.0,two-year,273.9,-6.7,1,1,autopay,0
CUST00178,Sanjay Mukherjee,12,1190.84,month-to-month,290.0,22.1,0,0,manual,0
CUST00179,Pallavi Iyer,65,852.9,month-to-month,413.0,2.3,1,0,manual,1
CUST00180,Rajat Mukherjee,37,778.68,month-to-month,238.1,-26.2,0,0,autopay,0
CUST00181,Dhruv Mehta,68,335.11,month-to-month,402.4,-30.0,0,0,autopay,0
CUST00182,Pallavi Chatterjee,11,1026.07,month-to-month,307.7,28.0,0,1,autopay,1
CUST00183,Anika Pillai,36,299.0,month-to-month,184.3,-3.6,1,1,autopay,0
CUST00184,Pooja Ghosh,51,1076.94,month-to-month,186.0,-13.7,0,0,manual,1
CUST00185,Ishita Mukherjee,36,327.76,one-year,522.6,-6.9,0,0,manual,0
CUST00186,Ishita Kumar,33,868.71,month-to-month,298.1,-28.6,0,0,autopay,1
CUST00187,Meera Kumar,12,808.29,month-to-month,549.6,23.6,0,1,autopay,0
CUST00188,Kavya Chopra,28,1259.34,two-year,248.1,-9.1,0,0,autopay,0
CUST00189,Saanvi Mukherjee,18,787.47,one-year,360.8,22.6,1,1,autopay,0
CUST00190,Aadhya Nair,22,607.05,month-to-month,655.0,-1.1,1,0,manual,0
CUST00191,Nisha Mehta,50,672.69,month-to-month,172.0,23.7,2,1,manual,0
CUST00192,Sanjay Ghosh,46,1295.51,two-year,54.3,2.6,0,1,manual,0
CUST00193,Neha Mukherjee,44,1037.7,month-to-month,500.1,13.4,1,0,autopay,0
CUST00194,Rahul Nair,27,715.03,month-to-month,204.2,10.9,1,1,autopay,0
CUST00195,Aadhya Kapoor,70,767.24,two-year,317.1,9.2,0,0,autopay,0
CUST00196,Manoj Gupta,7,301.49,month-to-month,238.0,4.3,0,0,manual,0
CUST00197,Saanvi Kapoor,25,985.97,one-year,357.5,-6.2,1,0,manual,1
CUST00198,Kavya Joshi,9,299.0,one-year,186.9,32.5,1,0,manual,0
CUST00199,Aditya Sharma,25,1113.13,one-year,294.8,-18.3,0,0,autopay,0
CUST00200,Dhruv Reddy,70,895.02,month-to-month,383.0,-1.9,0,1,autopay,0
CUST00201,Suresh Bhatt,27,1685.43,month-to-month,178.8,-1.7,0,0,manual,1
CUST00202,Arjun Pillai,66,464.95,month-to-month,222.0,5.2,0,0,autopay,0
CUST00203,Kabir Patel,36,814.07,month-to-month,271.4,-9.7,1,1,manual,1
CUST00204,Manoj Agarwal,51,1479.4,two-year,120.0,3.7,0,0,autopay,0
CUST00205,Kiran Pandey,33,1266.99,month-to-month,260.8,-5.0,1,0,manual,1
CUST00206,Aadhya Bhatt,20,606.33,one-year,336.6,-30.5,0,0,autopay,0
CUST00207,Aadhya Kulkarni,56,928.39,one-year,264.1,-1.8,1,0,manual,1
CUST00208,Ishita Patel,70,850.7,one-year,282.0,-21.8,1,1,autopay,0
CUST00209,Ramesh Agarwal,19,948.68,month-to-month,317.2,-33.2,0,0,autopay,0
CUST00210,Anika Kulkarni,57,605.46,month-to-month,228.2,0.5,0,0,autopay,0
CUST00211,Ishaan Kumar,19,818.74,two-year,416.7,6.8,1,0,autopay,0
CUST00212,Kavya Nair,52,299.0,one-year,521.0,7.5,0,0,manual,0
CUST00213,Dhruv Chopra,57,897.29,one-year,255.0,8.2,2,1,manual,1
CUST00214,Rahul Pandey,33,1007.51,two-year,387.9,-36.8,1,1,manual,0
CUST00215,Reyansh Patel,54,770.4,one-year,286.5,-26.5,1,0,manual,1
CUST00216,Meera Kulkarni,20,299.0,month-to-month,371.2,33.5,0,0,manual,0
CUST00217,Reyansh Joshi,6,1195.99,one-year,539.2,-20.8,0,0,autopay,0
CUST00218,Nikita Shah,7,977.58,month-to-month,391.2,9.0,0,1,manual,1
CUST00219,Tanvi Joshi,33,595.89,one-year,71.7,-14.4,1,0,autopay,0
CUST00220,Reyansh Chopra,65,751.79,two-year,383.6,-0.6,0,0,manual,0
CUST00221,Nikita Banerjee,10,324.77,month-to-month,492.6,-13.4,0,0,autopay,0
CUST00222,Pooja Shah,33,491.11,month-to-month,289.0,8.1,2,1,manual,1
CUST00223,Meera Bhatt,51,661.77,month-to-month,459.4,0.5,0,0,autopay,0
CUST00224,Vihaan Desai,15,1279.95,two-year,223.4,-10.1,0,0,autopay,0
CUST00225,Rohan Chopra,52,626.17,month-to-month,112.0,-20.9,2,0,autopay,1
CUST00226,Deepak Rao,23,1074.07,month-to-month,339.8,2.8,1,0,autopay,1
CUST00227,Anika Ghosh,59,661.59,month-to-month,74.1,-23.8,1,0,autopay,1
CUST00228,Meera Bhatt,42,936.78,month-to-month,286.4,5.7,0,0,autopay,0
CUST00229,Simran Ghosh,40,800.51,month-to-month,500.2,45.3,0,0,autopay,0
CUST00230,Kavya Chatterjee,13,1155.57,month-to-month,52.6,22.3,0,0,autopay,0
CUST00231,Saanvi Das,34,662.82,month-to-month,140.9,10.9,1,1,autopay,0
CUST00232,Deepak Verma,62,299.62,month-to-month,175.5,-3.5,2,0,manual,0
CUST00233,Vihaan Bose,2,366.32,month-to-month,311.1,-36.9,1,0,autopay,1
CUST00234,Myra Malhotra,55,663.84,month-to-month,268.8,-25.8,0,0,autopay,0
CUST00235,Kiran Iyer,36,412.83,month-to-month,515.9,21.1,0,1,autopay,0
CUST00236,Kabir Verma,52,993.57,one-year,453.6,-16.2,0,0,autopay,1
CUST00237,Yash Bhatt,48,686.98,month-to-month,389.3,-14.6,1,2,autopay,1
CUST00238,Anika Bhatt,32,1681.11,month-to-month,340.4,-5.0,0,0,manual,1
CUST00239,Vihaan Joshi,23,299.0,month-to-month,375.1,-21.1,0,0,autopay,1
CUST00240,Vihaan Singh,46,921.27,month-to-month,199.3,-24.1,0,0,autopay,0
CUST00241,Dhruv Bose,11,455.22,month-to-month,440.0,-2.9,1,0,autopay,1
CUST00242,Shreya Mukherjee,43,677.31,month-to-month,164.3,-18.0,1,0,autopay,0
CUST00243,Kabir Kulkarni,7,899.5,two-year,437.0,-15.3,1,1,autopay,0
CUST00244,Suresh Kapoor,47,299.0,month-to-month,486.1,-16.1,1,0,manual,0
CUST00245,Kavya Desai,46,932.89,month-to-month,349.5,7.4,0,0,autopay,0
CUST00246,Ramesh Gupta,7,1516.02,month-to-month,295.3,-6.2,1,0,manual,1
CUST00247,Rajat Chopra,55,691.3,month-to-month,376.0,-5.2,0,0,autopay,0
CUST00248,Kiran Bhatt,30,940.93,month-to-month,10.0,8.7,1,1,autopay,1
CUST00249,Diya Chopra,57,1208.72,one-year,362.3,-4.6,2,1,autopay,1
CUST00250,Manoj Mehta,3,792.62,two-year,304.1,-7.0,1,1,autopay,0
CUST00251,Sanjay Bose,13,646.66,month-to-month,312.9,6.5,1,1,autopay,0
CUST00252,Kavya Chopra,36,299.0,month-to-month,418.9,10.0,1,0,manual,0
CUST00253,Rahul Reddy,14,1074.35,month-to-month,309.5,-4.6,1,0,manual,1
CUST00254,Sai Patel,24,810.39,month-to-month,160.4,-0.5,1,1,autopay,0
CUST00255,Riya Singh,48,495.56,one-year,300.2,-16.1,0,1,autopay,0
CUST00256,Diya Chauhan,11,894.31,month-to-month,329.5,-17.5,1,1,manual,1
CUST00257,Swati Rao,49,645.71,month-to-month,336.1,11.8,0,0,autopay,0
CUST00258,Pallavi Banerjee,8,665.05,two-year,342.7,6.0,1,1,autopay,1
CUST00259,Manoj Chauhan,13,1062.2,month-to-month,465.5,6.2,0,0,manual,1
CUST00260,Swati Mukherjee,43,381.57,month-to-month,168.0,3.1,0,0,autopay,0
CUST00261,Nikita Verma,58,1216.56,one-year,344.6,-1.2,0,1,autopay,0
CUST00262,Ramesh Menon,13,360.81,month-to-month,500.6,10.5,0,0,autopay,0
CUST00263,Sneha Gupta,22,618.05,month-to-month,77.2,14.8,0,0,manual,0
CUST00264,Rohan Chatterjee,67,1523.03,month-to-month,345.2,14.4,0,1,autopay,0
CUST00265,Sanjay Pillai,72,1244.57,two-year,238.0,-3.8,0,1,manual,0
CUST00266,Rohan Joshi,42,884.16,month-to-month,268.1,23.0,0,2,autopay,0
CUST00267,Ishaan Bhatt,33,520.81,month-to-month,193.3,2.1,1,0,autopay,0
CUST00268,Divya Kumar,25,664.75,month-to-month,296.3,9.4,0,0,autopay,0
CUST00269,Sai Pillai,45,875.65,month-to-month,577.8,3.1,0,1,manual,0
CUST00270,Reyansh Mukherjee,43,863.13,one-year,143.0,2.4,1,0,autopay,0
CUST00271,Ishita Iyer,22,818.2,month-to-month,156.3,-15.2,0,1,manual,1
CUST00272,Sneha Agarwal,2,839.21,one-year,137.7,10.6,0,1,autopay,0
CUST00273,Aditya Singh,11,774.97,one-year,561.8,49.2,0,0,autopay,0
CUST00274,Saanvi Das,70,345.31,two-year,255.3,-8.7,3,0,autopay,0
CUST00275,Kabir Mukherjee,31,669.22,month-to-month,316.4,-0.7,0,0,autopay,1
CUST00276,Yash Singh,35,1170.12,two-year,263.6,-10.0,0,0,autopay,0
CUST00277,Ishaan Ghosh,34,371.08,one-year,187.8,-10.8,0,1,manual,0
CUST00278,Rahul Menon,57,783.66,month-to-month,287.1,25.8,0,0,manual,0
CUST00279,Anika Verma,5,563.09,one-year,664.2,-14.1,1,1,manual,0
CUST00280,Nikita Banerjee,6,888.97,two-year,514.9,-10.5,1,0,autopay,1
CUST00281,Aarav Ghosh,20,713.98,month-to-month,200.6,-30.6,0,1,autopay,1
CUST00282,Manoj Bhatt,36,1367.09,two-year,410.7,-15.6,2,0,manual,0
CUST00283,Shreya Agarwal,49,1027.3,month-to-month,203.6,-32.8,1,0,autopay,1
CUST00284,Riya Bose,36,390.87,one-year,71.3,9.4,0,1,manual,0
CUST00285,Amit Gupta,32,1084.93,two-year,462.7,48.4,0,0,manual,0
CUST00286,Myra Desai,68,578.87,month-to-month,482.4,-8.6,0,1,autopay,0
CUST00287,Sneha Nair,12,648.05,one-year,466.4,-32.0,1,0,manual,0
CUST00288,Shreya Bhatt,42,959.84,month-to-month,254.2,14.2,1,1,manual,1
CUST00289,Priya Kapoor,40,677.89,one-year,296.7,-15.1,0,0,autopay,0
CUST00290,Pooja Gupta,35,1162.5,one-year,425.0,21.4,0,0,manual,0
CUST00291,Simran Singh,59,578.92,month-to-month,374.8,-7.1,0,1,autopay,1
CUST00292,Riya Ghosh,20,633.37,month-to-month,264.9,-13.4,1,0,autopay,1
CUST00293,Ishaan Das,69,620.27,month-to-month,93.3,-5.2,1,0,autopay,0
CUST00294,Rahul Nair,24,652.03,month-to-month,335.9,11.6,0,0,autopay,0
CUST00295,Amit Singh,40,1234.72,month-to-month,471.1,-6.1,0,1,autopay,1
CUST00296,Aryan Menon,38,1070.08,month-to-month,152.3,-10.9,0,0,manual,0
CUST00297,Vikram Sharma,62,1448.48,month-to-month,409.4,-5.6,1,0,autopay,1
CUST00298,Vihaan Reddy,32,1643.68,month-to-month,366.4,-24.9,0,0,autopay,1
CUST00299,Rajat Patel,21,489.25,one-year,425.0,5.1,0,0,manual,0
CUST00300,Kiran Gupta,2,874.65,one-year,442.1,-34.2,0,1,autopay,0
CUST00301,Meera Pandey,27,438.33,one-year,222.8,-10.0,1,0,manual,0
CUST00302,Meera Chauhan,60,577.84,month-to-month,93.6,11.7,3,0,autopay,1
CUST00303,Meera Ghosh,1,629.47,two-year,245.3,3.5,1,0,manual,0
CUST00304,Krishna Rao,65,480.0,one-year,444.5,8.6,0,0,manual,0
CUST00305,Nikita Iyer,40,481.84,month-to-month,244.1,-3.2,0,0,autopay,0
CUST00306,Yash Iyer,11,799.5,month-to-month,222.8,19.1,1,0,autopay,0
CUST00307,Manoj Desai,22,424.15,one-year,65.0,14.6,0,1,autopay,0
CUST00308,Simran Patel,40,1144.74,month-to-month,565.4,6.0,1,0,manual,1
CUST00309,Aryan Rao,23,528.79,month-to-month,435.6,14.7,0,1,manual,0
CUST00310,Tanvi Pandey,8,1833.35,two-year,427.8,11.5,1,0,autopay,0
CUST00311,Aditya Menon,48,692.02,month-to-month,455.5,-9.9,1,1,autopay,0
CUST00312,Tanvi Chauhan,49,875.21,month-to-month,400.7,-26.2,2,0,manual,1
CUST00313,Myra Reddy,9,396.63,two-year,285.8,5.6,0,1,autopay,0
CUST00314,Vihaan Bose,21,1447.13,one-year,297.1,7.8,0,1,manual,1
CUST00315,Rahul Bhatt,18,1241.83,month-to-month,260.1,17.6,0,1,manual,1
CUST00316,Nikita Kapoor,48,953.92,two-year,688.9,-18.9,0,0,autopay,0
CUST00317,Vihaan Joshi,53,378.62,two-year,397.8,-18.3,1,0,autopay,0
CUST00318,Divya Bose,53,923.73,month-to-month,255.1,6.3,1,1,autopay,1
CUST00319,Anjali Menon,68,457.5,one-year,385.2,-3.3,1,1,autopay,0
CUST00320,Neha Das,56,1361.82,month-to-month,178.5,-35.9,0,0,manual,1
CUST00321,Shreya Verma,24,1133.22,month-to-month,530.6,4.8,1,0,manual,1
CUST00322,Yash Patel,8,883.4,one-year,227.5,-35.3,1,0,manual,1
CUST00323,Vikram Chauhan,45,299.0,month-to-month,390.2,-19.0,1,1,autopay,0
CUST00324,Amit Nair,66,505.8,one-year,469.2,22.3,1,0,autopay,0
CUST00325,Pooja Kumar,71,1090.72,two-year,373.9,30.8,0,0,manual,0
CUST00326,Anjali Iyer,17,1274.51,month-to-month,333.2,-23.9,0,0,autopay,1
CUST00327,Divya Menon,18,1238.21,one-year,321.5,-7.9,0,0,autopay,0
CUST00328,Manoj Kulkarni,3,299.0,month-to-month,312.1,-1.2,0,1,autopay,0
CUST00329,Sneha Gupta,11,955.54,two-year,239.3,30.1,1,0,manual,1
CUST00330,Nikita Sharma,40,1205.43,month-to-month,257.1,-10.9,1,0,manual,1
CUST00331,Neha Kulkarni,40,299.0,one-year,527.1,-10.6,0,0,autopay,0
CUST00332,Tanvi Singh,27,847.23,one-year,304.8,25.9,0,0,manual,0
CUST00333,Rohan Mukherjee,23,945.84,month-to-month,210.0,-8.7,0,0,autopay,0
CUST00334,Rajat Bhatt,60,744.73,one-year,247.7,11.0,0,0,autopay,0
CUST00335,Shreya Joshi,34,299.0,one-year,474.1,-28.6,0,2,autopay,1
CUST00336,Riya Kumar,59,736.01,one-year,414.6,-5.1,0,1,manual,0
CUST00337,Ishita Kulkarni,70,735.44,one-year,398.4,-31.9,1,1,autopay,0
CUST00338,Sanjay Verma,23,798.17,two-year,283.9,-21.0,0,0,autopay,1
CUST00339,Rajat Reddy,15,652.79,month-to-month,400.3,13.1,0,0,autopay,1
CUST00340,Dhruv Kumar,69,694.95,month-to-month,229.9,-2.9,0,0,manual,0
CUST00341,Aarav Joshi,46,836.1,month-to-month,283.7,-7.7,1,2,manual,0
CUST00342,Aryan Bhatt,21,1004.86,one-year,455.8,-15.5,1,0,autopay,0
CUST00343,Ishita Agarwal,45,743.45,month-to-month,442.4,-6.0,0,0,manual,0
CUST00344,Vikram Singh,38,706.62,month-to-month,182.5,3.4,1,0,autopay,0
CUST00345,Rajat Menon,66,882.32,month-to-month,200.2,15.7,1,2,autopay,1
CUST00346,Myra Singh,19,299.0,two-year,335.2,-49.3,1,0,autopay,0
CUST00347,Kabir Menon,72,1016.96,month-to-month,561.7,-17.0,0,0,manual,1
CUST00348,Sanjay Reddy,68,849.8,one-year,51.8,0.9,1,0,autopay,0
CUST00349,Priya Pillai,14,863.89,month-to-month,359.0,-3.8,0,0,autopay,0
CUST00350,Reyansh Pillai,12,1186.26,two-year,127.4,5.3,2,0,autopay,0
CUST00351,Meera Malhotra,39,299.0,month-to-month,231.2,2.8,1,0,autopay,0
CUST00352,Ananya Reddy,4,299.0,month-to-month,269.0,-7.5,1,0,manual,0
CUST00353,Kiran Sharma,22,945.83,two-year,261.1,-11.5,0,0,manual,0
CUST00354,Dhruv Verma,32,847.51,two-year,245.3,-6.4,0,1,autopay,0
CUST00355,Kiran Kapoor,70,909.56,month-to-month,321.0,18.7,1,1,manual,0
CUST00356,Amit Bose,72,688.26,month-to-month,245.1,-15.2,0,0,autopay,0
CUST00357,Reyansh Reddy,11,1082.52,one-year,115.3,-3.1,0,0,autopay,1
CUST00358,Ramesh Chopra,65,1176.42,two-year,429.2,1.3,0,1,autopay,0
CUST00359,Vikram Joshi,7,1019.39,month-to-month,425.4,26.1,0,0,manual,1
CUST00360,Myra Patel,54,758.71,month-to-month,438.0,-7.4,1,0,autopay,0
CUST00361,Krishna Nair,61,299.0,one-year,104.3,15.3,1,1,manual,0
CUST00362,Anika Rao,65,1119.23,one-year,361.8,20.2,1,0,autopay,0
CUST00363,Meera Pillai,17,1277.61,one-year,414.6,-3.1,2,1,manual,1
CUST00364,Reyansh Patel,65,1075.6,one-year,175.6,-5.8,0,0,autopay,0
CUST00365,Ananya Patel,9,542.13,month-to-month,321.3,-7.9,0,1,manual,0
CUST00366,Amit Kulkarni,38,1085.83,two-year,303.7,-6.6,1,0,manual,0
CUST00367,Neha Nair,34,1151.19,two-year,577.9,13.4,0,0,autopay,0
CUST00368,Simran Rao,23,1395.59,one-year,589.4,2.2,1,0,manual,0
CUST00369,Kabir Malhotra,2,543.36,month-to-month,87.0,2.2,0,1,manual,1
CUST00370,Manoj Bose,56,770.74,month-to-month,669.1,-22.3,0,0,autopay,0
CUST00371,Kavya Desai,25,1111.55,one-year,191.9,-19.4,0,0,autopay,1
CUST00372,Kabir Malhotra,48,870.09,month-to-month,457.3,36.6,2,0,manual,1
CUST00373,Swati Kapoor,30,458.94,two-year,455.9,-5.2,0,0,manual,0
CUST00374,Meera Shah,27,995.12,month-to-month,180.6,-15.9,0,0,autopay,0
CUST00375,Priya Malhotra,64,1052.53,one-year,389.1,23.8,0,1,manual,0
CUST00376,Yash Sharma,7,880.79,two-year,304.9,3.1,1,1,autopay,1
CUST00377,Divya Verma,54,926.85,month-to-month,397.6,8.4,0,0,autopay,0
CUST00378,Vivaan Chopra,54,759.45,month-to-month,352.3,-4.5,0,0,autopay,0
CUST00379,Sai Singh,28,1367.4,one-year,487.5,-7.7,0,1,autopay,0
CUST00380,Ishaan Kulkarni,19,534.76,one-year,330.6,-5.1,1,0,autopay,0
CUST00381,Nisha Mukherjee,1,644.44,month-to-month,296.5,-26.9,1,1,autopay,1
CUST00382,Arjun Chauhan,68,853.84,one-year,473.4,-3.6,1,0,autopay,0
CUST00383,Deepak Agarwal,69,1157.63,two-year,401.3,3.3,2,0,autopay,0
CUST00384,Rohan Gupta,18,325.92,month-to-month,422.5,31.3,1,0,manual,1
CUST00385,Rahul Menon,3,391.4,month-to-month,227.0,-0.5,1,0,autopay,0
CUST00386,Deepak Kulkarni,9,299.0,month-to-month,173.7,-44.0,0,0,manual,1
CUST00387,Divya Bose,5,861.44,month-to-month,240.5,-3.7,0,1,autopay,1
CUST00388,Yash Malhotra,60,458.59,month-to-month,233.1,47.3,0,0,autopay,1
CUST00389,Vihaan Chopra,65,715.41,month-to-month,430.1,13.6,0,1,autopay,0
CUST00390,Ramesh Ghosh,12,1081.48,one-year,456.6,-16.6,0,0,manual,1
CUST00391,Myra Chopra,54,625.46,month-to-month,298.3,8.6,1,0,autopay,0
CUST00392,Swati Shah,13,930.95,two-year,520.3,-15.4,0,0,autopay,0
CUST00393,Rohan Menon,27,745.23,month-to-month,511.6,-26.4,2,0,manual,1
CUST00394,Pooja Joshi,44,1085.24,month-to-month,354.1,-8.3,0,2,manual,1
CUST00395,Sai Chauhan,52,1016.29,one-year,204.9,-0.4,1,0,manual,0
CUST00396,Riya Mukherjee,63,607.82,two-year,540.6,-35.7,0,1,autopay,0
CUST00397,Aarav Malhotra,4,790.97,month-to-month,311.5,-22.7,1,1,autopay,1
CUST00398,Ramesh Kulkarni,15,1215.31,month-to-month,337.7,-1.8,0,1,autopay,0
CUST00399,Meera Reddy,21,987.68,month-to-month,272.5,-9.3,1,0,manual,0
CUST00400,Arjun Bose,23,361.06,month-to-month,195.4,5.1,1,0,autopay,1
CUST00401,Riya Kapoor,72,1079.47,month-to-month,114.4,-23.9,0,1,autopay,1
CUST00402,Kavya Shah,56,470.39,month-to-month,408.6,10.9,0,0,autopay,0
CUST00403,Rahul Patel,24,1344.38,month-to-month,210.3,-23.3,0,0,autopay,1
CUST00404,Riya Reddy,70,1208.43,month-to-month,748.3,27.6,0,0,manual,0
CUST00405,Anika Kapoor,36,951.46,two-year,167.9,-32.9,0,0,autopay,0
CUST00406,Sanjay Sharma,37,905.03,one-year,144.0,-21.7,0,0,autopay,0
CUST00407,Ishita Das,32,776.84,month-to-month,391.4,5.5,1,0,autopay,0
CUST00408,Sanjay Mehta,11,1087.48,month-to-month,534.1,28.0,0,1,autopay,0
CUST00409,Divya Reddy,68,720.23,month-to-month,329.0,3.7,1,0,autopay,0
CUST00410,Anjali Kapoor,2,932.45,month-to-month,400.1,8.1,1,0,autopay,1
CUST00411,Swati Joshi,13,1155.18,one-year,61.9,-1.7,0,1,manual,0
CUST00412,Amit Verma,17,653.37,two-year,225.1,-20.5,1,1,manual,0
CUST00413,Neha Nair,21,634.33,two-year,169.7,-10.8,1,0,manual,0
CUST00414,Priya Chatterjee,10,431.97,two-year,54.7,-23.8,0,2,manual,1
CUST00415,Rohan Reddy,2,477.43,two-year,336.4,-25.0,3,0,autopay,0
CUST00416,Sanjay Ghosh,49,299.0,two-year,10.0,5.2,0,0,autopay,0
CUST00417,Amit Menon,70,1105.44,month-to-month,134.9,-22.2,1,0,autopay,0
CUST00418,Kiran Joshi,9,1483.12,month-to-month,244.8,3.8,0,2,manual,1
CUST00419,Amit Desai,22,1348.87,month-to-month,203.6,-25.4,0,0,autopay,0
CUST00420,Riya Reddy,37,299.0,one-year,375.5,3.3,0,0,autopay,0
CUST00421,Yash Shah,67,1103.7,month-to-month,362.8,-10.8,0,0,autopay,0
CUST00422,Simran Menon,50,1347.74,two-year,445.1,23.3,0,1,autopay,0
CUST00423,Suresh Sharma,56,690.12,one-year,425.3,3.8,0,0,manual,0
CUST00424,Kiran Mukherjee,42,885.51,month-to-month,479.7,20.2,0,0,manual,0
CUST00425,Sneha Shah,31,299.0,month-to-month,319.7,-15.6,1,1,autopay,0
CUST00426,Ishita Kumar,15,943.36,month-to-month,362.5,-1.0,0,0,manual,0
CUST00427,Vivaan Chauhan,63,477.75,month-to-month,391.6,-19.7,0,0,autopay,0
CUST00428,Vihaan Agarwal,58,919.87,two-year,339.8,-9.4,0,0,autopay,0
CUST00429,Amit Nair,2,303.58,one-year,264.4,-6.7,2,0,autopay,0
CUST00430,Kabir Shah,52,1040.0,one-year,273.5,-15.1,0,0,manual,0
CUST00431,Vihaan Nair,7,1208.58,month-to-month,205.5,-23.9,0,0,autopay,0
CUST00432,Manoj Agarwal,54,575.89,month-to-month,379.0,-27.4,0,0,autopay,1
CUST00433,Meera Singh,60,452.08,month-to-month,306.8,-44.1,0,1,manual,0
CUST00434,Sai Mehta,10,299.0,one-year,227.2,-21.0,0,0,autopay,0
CUST00435,Riya Verma,32,756.76,one-year,227.3,9.3,0,0,autopay,0
CUST00436,Anika Sharma,9,646.44,month-to-month,150.5,-30.8,1,1,manual,1
CUST00437,Aarav Rao,41,307.14,two-year,457.0,-26.6,0,1,manual,0
CUST00438,Meera Patel,67,1008.56,month-to-month,331.0,30.2,0,0,manual,0
CUST00439,Aadhya Das,6,692.51,two-year,199.2,-13.5,0,0,manual,0
CUST00440,Divya Singh,29,473.49,month-to-month,433.2,3.8,0,0,autopay,0
CUST00441,Sai Rao,71,655.9,month-to-month,241.5,9.6,0,0,manual,0
CUST00442,Anjali Gupta,22,1224.96,two-year,123.1,9.9,0,0,manual,0
CUST00443,Aarav Chopra,10,1061.03,month-to-month,463.0,-29.4,0,0,autopay,1
CUST00444,Ramesh Pillai,36,804.49,month-to-month,244.8,-6.2,2,0,autopay,0
CUST00445,Manoj Reddy,37,1066.69,month-to-month,262.8,-31.1,0,0,manual,1
CUST00446,Aadhya Kumar,48,443.68,month-to-month,325.8,42.0,1,0,autopay,1
CUST00447,Karan Kapoor,23,861.33,one-year,480.0,-30.7,0,1,autopay,0
CUST00448,Reyansh Bhatt,69,901.56,two-year,322.8,-20.9,0,1,manual,0
CUST00449,Ananya Chopra,38,685.56,two-year,152.1,-20.7,0,1,manual,1
CUST00450,Rahul Patel,21,1002.41,month-to-month,396.1,-28.9,1,0,manual,1
CUST00451,Vikram Menon,70,576.85,month-to-month,252.1,22.3,0,1,manual,0
CUST00452,Ishaan Kumar,67,1028.44,month-to-month,584.3,41.6,0,0,autopay,0
CUST00453,Aarav Mukherjee,36,1043.15,month-to-month,319.8,-10.6,0,1,manual,1
CUST00454,Neha Singh,2,299.0,month-to-month,10.0,-25.8,0,0,autopay,0
CUST00455,Pooja Sharma,43,1266.61,two-year,370.0,-42.3,1,0,manual,1
CUST00456,Simran Joshi,40,299.0,two-year,592.2,-6.4,0,0,autopay,0
CUST00457,Ramesh Pandey,11,634.38,one-year,540.6,-7.7,0,0,manual,0
CUST00458,Neha Agarwal,46,1208.87,month-to-month,576.3,-13.7,1,0,autopay,1
CUST00459,Sneha Pillai,61,738.95,month-to-month,177.2,2.0,0,0,manual,0
CUST00460,Tanvi Malhotra,8,336.83,month-to-month,447.7,5.1,0,0,autopay,0
CUST00461,Myra Pandey,53,467.19,month-to-month,218.9,3.8,2,0,autopay,0
CUST00462,Rahul Kumar,11,1209.42,month-to-month,351.4,-7.7,1,0,autopay,0
CUST00463,Rohan Rao,54,299.0,month-to-month,141.8,-21.8,0,0,autopay,0
CUST00464,Sanjay Mehta,31,1245.15,month-to-month,229.8,10.0,0,0,manual,0
CUST00465,Kiran Malhotra,1,830.71,two-year,225.3,-1.8,1,0,autopay,0
CUST00466,Kavya Chauhan,70,432.66,month-to-month,445.8,14.0,0,2,autopay,0
CUST00467,Myra Kulkarni,12,645.91,two-year,432.1,12.2,1,0,autopay,0
CUST00468,Riya Nair,43,493.97,month-to-month,358.8,-27.6,0,2,autopay,0
CUST00469,Sanjay Menon,14,1153.18,one-year,130.9,-27.8,0,0,manual,1
CUST00470,Ishaan Gupta,68,1106.35,month-to-month,276.4,-15.6,2,0,autopay,0
CUST00471,Ananya Nair,54,299.0,month-to-month,215.5,-21.0,4,0,autopay,1
CUST00472,Meera Singh,58,708.74,month-to-month,441.8,11.6,1,1,autopay,1
CUST00473,Amit Ghosh,32,547.89,month-to-month,484.9,4.3,1,0,autopay,0
CUST00474,Yash Gupta,34,1302.73,two-year,467.9,17.8,2,0,manual,0
CUST00475,Sai Menon,46,377.47,month-to-month,214.3,5.1,1,1,autopay,0
CUST00476,Ishita Chopra,57,1411.48,one-year,10.0,1.8,0,1,autopay,0
CUST00477,Tanvi Ghosh,61,838.35,month-to-month,72.6,19.6,0,0,manual,0
CUST00478,Ramesh Chatterjee,2,443.32,month-to-month,519.0,6.5,1,0,autopay,0
CUST00479,Aarav Banerjee,48,612.95,month-to-month,263.8,-0.8,0,0,autopay,0
CUST00480,Aarav Joshi,8,569.43,month-to-month,214.9,24.6,1,1,autopay,0
CUST00481,Saanvi Malhotra,21,403.88,two-year,550.0,0.1,0,0,manual,0
CUST00482,Pooja Chauhan,60,883.19,one-year,497.1,-7.5,2,0,autopay,0
CUST00483,Aarav Joshi,19,420.23,one-year,323.4,-17.1,2,0,autopay,0
CUST00484,Ishaan Chatterjee,58,299.0,month-to-month,278.9,10.7,0,0,manual,0
CUST00485,Kavya Chatterjee,34,717.11,month-to-month,301.5,20.3,0,1,manual,0
CUST00486,Karan Agarwal,17,299.0,two-year,351.8,-2.9,1,0,manual,1
CUST00487,Vikram Kapoor,25,586.74,month-to-month,544.0,21.5,1,0,manual,1
CUST00488,Vivaan Gupta,39,531.81,month-to-month,379.1,-37.5,0,0,autopay,0
CUST00489,Divya Chauhan,56,545.07,month-to-month,421.6,-3.0,2,0,manual,0
CUST00490,Ishaan Das,44,1550.34,one-year,483.7,-2.7,0,0,manual,1
CUST00491,Myra Singh,68,869.74,one-year,156.2,-15.1,0,0,autopay,0
CUST00492,Simran Gupta,63,935.88,one-year,425.7,40.9,0,1,autopay,0
CUST00493,Nisha Menon,55,299.0,one-year,278.8,-3.2,0,1,autopay,0
CUST00494,Simran Rao,44,621.11,month-to-month,10.0,-9.3,0,0,manual,0
CUST00495,Aarav Kumar,21,925.36,two-year,22.1,-1.5,1,1,autopay,0
CUST00496,Vikram Iyer,30,491.41,month-to-month,177.5,-38.1,0,0,autopay,0
CUST00497,Vihaan Kapoor,9,1167.82,one-year,394.4,-15.7,0,0,manual,1
CUST00498,Meera Kulkarni,27,429.06,month-to-month,335.9,15.7,1,1,manual,0
CUST00499,Rajat Reddy,67,749.77,two-year,345.8,-13.3,0,0,autopay,0
CUST00500,Manoj Bhatt,31,644.88,month-to-month,593.1,-16.9,0,0,manual,1
CUST00501,Sai Banerjee,9,907.51,month-to-month,142.3,21.6,1,0,autopay,1
CUST00502,Shreya Pillai,47,625.83,month-to-month,316.2,22.1,0,0,manual,0
CUST00503,Riya Rao,70,755.19,month-to-month,362.6,7.3,0,0,autopay,1
CUST00504,Ishita Verma,63,767.35,month-to-month,216.9,-10.2,0,0,autopay,0
CUST00505,Pooja Nair,20,592.96,one-year,324.0,-6.3,2,1,manual,0
CUST00506,Vivaan Pandey,33,1019.78,month-to-month,96.0,-16.5,0,0,autopay,0
CUST00507,Yash Desai,39,933.44,two-year,517.4,-19.9,2,1,autopay,0
CUST00508,Vikram Verma,18,818.99,month-to-month,224.6,-20.8,0,1,autopay,0
CUST00509,Nikita Pandey,20,699.34,one-year,604.4,-13.1,0,0,manual,0
CUST00510,Simran Malhotra,18,1128.79,month-to-month,315.5,-20.6,1,0,manual,1
CUST00511,Priya Desai,72,767.46,one-year,463.9,-30.1,2,0,manual,0
CUST00512,Dhruv Pillai,54,742.66,one-year,312.5,1.9,0,0,manual,0
CUST00513,Anika Patel,61,886.64,month-to-month,315.7,2.2,0,0,manual,0
CUST00514,Anika Shah,59,1443.81,two-year,238.2,28.6,1,0,autopay,0
CUST00515,Aadhya Bose,70,380.88,month-to-month,336.7,-14.0,0,0,autopay,0
CUST00516,Diya Banerjee,8,1119.45,month-to-month,364.5,3.3,0,0,manual,1
CUST00517,Kiran Verma,64,299.0,one-year,210.2,3.6,1,1,manual,0
CUST00518,Saanvi Pillai,5,926.05,two-year,302.5,-6.6,1,1,manual,0
CUST00519,Vivaan Kulkarni,35,1401.28,month-to-month,234.6,11.4,2,0,manual,1
CUST00520,Vikram Pillai,43,1021.03,month-to-month,642.0,12.0,2,0,autopay,1
CUST00521,Nisha Agarwal,26,909.72,two-year,307.4,3.9,1,0,manual,0
CUST00522,Saanvi Singh,11,653.84,one-year,536.3,-6.6,0,0,manual,0
CUST00523,Tanvi Kumar,14,860.87,two-year,292.6,-8.4,1,1,manual,0
CUST00524,Swati Chauhan,60,761.78,month-to-month,356.3,-26.6,0,1,manual,1
CUST00525,Pallavi Kapoor,23,574.91,one-year,135.0,-16.5,0,0,autopay,1
CUST00526,Manoj Gupta,23,748.54,month-to-month,257.4,-13.2,3,0,manual,1
CUST00527,Sneha Shah,67,919.43,two-year,349.5,-22.2,2,1,autopay,1
CUST00528,Vivaan Joshi,11,581.47,month-to-month,542.0,5.9,0,0,manual,0
CUST00529,Ishita Menon,66,567.8,one-year,351.1,19.5,1,0,autopay,0
CUST00530,Sanjay Agarwal,67,373.91,month-to-month,513.7,-18.3,1,0,autopay,0
CUST00531,Anjali Bose,44,986.75,one-year,409.7,3.1,1,2,autopay,1
CUST00532,Manoj Malhotra,12,1040.86,one-year,547.8,-20.6,1,2,autopay,1
CUST00533,Simran Singh,12,931.08,month-to-month,311.7,-7.5,1,0,autopay,1
CUST00534,Ishita Banerjee,21,1187.81,two-year,654.6,-14.4,1,0,manual,1
CUST00535,Sai Ghosh,42,880.75,month-to-month,252.0,8.8,0,0,autopay,1
CUST00536,Riya Rao,12,987.2,one-year,212.7,-14.2,0,0,manual,0
CUST00537,Rajat Kapoor,33,956.34,month-to-month,150.6,16.2,1,0,autopay,1
CUST00538,Anjali Das,9,817.96,month-to-month,646.3,-6.4,0,2,autopay,1
CUST00539,Manoj Joshi,39,664.21,month-to-month,434.7,-13.7,0,1,manual,0
CUST00540,Kavya Rao,2,1624.95,month-to-month,273.2,-24.6,1,0,manual,1
CUST00541,Saanvi Bose,52,691.82,month-to-month,494.9,2.6,0,0,autopay,0
CUST00542,Krishna Joshi,4,616.94,one-year,416.3,14.1,1,0,manual,1
CUST00543,Aditya Shah,15,1001.9,one-year,595.3,2.9,0,0,manual,0
CUST00544,Rajat Banerjee,13,938.15,one-year,103.3,38.3,0,0,autopay,0
CUST00545,Aryan Gupta,60,358.32,month-to-month,282.8,23.7,0,0,manual,0
CUST00546,Dhruv Chauhan,4,1242.94,month-to-month,255.2,-7.5,0,0,manual,1
CUST00547,Simran Nair,31,817.03,month-to-month,43.7,-7.7,1,1,manual,1
CUST00548,Rahul Rao,43,461.17,one-year,468.4,6.5,1,0,autopay,0
CUST00549,Neha Chauhan,38,1266.07,two-year,282.1,-17.1,0,0,autopay,0
CUST00550,Ishaan Patel,50,1068.99,month-to-month,423.5,19.0,0,0,autopay,0
CUST00551,Anjali Bhatt,58,407.41,one-year,650.4,4.5,1,0,manual,0
CUST00552,Tanvi Das,29,1472.01,month-to-month,270.5,2.6,0,0,manual,1
CUST00553,Ishita Chauhan,60,1080.58,month-to-month,261.0,10.4,0,0,autopay,0
CUST00554,Anika Verma,23,846.43,month-to-month,336.6,29.0,0,0,manual,0
CUST00555,Neha Chauhan,71,1406.58,month-to-month,458.2,1.1,1,0,autopay,1
CUST00556,Anjali Reddy,37,905.75,one-year,240.7,-4.0,1,0,autopay,0
CUST00557,Vikram Chopra,53,840.17,two-year,231.7,25.2,0,0,manual,0
CUST00558,Riya Menon,64,618.89,month-to-month,468.0,15.4,1,0,autopay,0
CUST00559,Rahul Sharma,58,1053.65,month-to-month,373.0,-7.8,0,0,autopay,0
CUST00560,Pallavi Das,62,1016.81,one-year,33.7,-1.9,1,0,autopay,0
CUST00561,Rajat Verma,39,855.14,two-year,148.4,1.5,0,0,autopay,0
CUST00562,Shreya Iyer,4,573.5,one-year,530.2,4.5,0,0,manual,1
CUST00563,Meera Kulkarni,36,895.48,month-to-month,376.3,-26.4,0,0,manual,0
CUST00564,Ishaan Desai,14,825.57,one-year,213.3,-29.8,1,0,autopay,0
CUST00565,Nikita Kulkarni,65,383.28,month-to-month,296.1,-18.0,3,0,autopay,0
CUST00566,Rahul Chopra,18,334.87,two-year,321.9,-19.4,2,0,autopay,0
CUST00567,Saanvi Das,17,1047.8,month-to-month,423.0,-13.6,0,0,autopay,0
CUST00568,Kabir Desai,18,299.0,one-year,129.8,9.4,1,3,autopay,0
CUST00569,Shreya Verma,47,921.89,month-to-month,202.3,-5.0,1,0,autopay,0
CUST00570,Sanjay Iyer,42,682.67,month-to-month,358.2,1.5,1,0,manual,0
CUST00571,Aditya Kulkarni,69,1307.89,two-year,306.0,-24.0,1,0,autopay,0
CUST00572,Tanvi Verma,30,677.29,one-year,400.1,-10.3,0,0,autopay,1
CUST00573,Sai Menon,21,1080.82,month-to-month,147.9,8.6,2,0,autopay,1
CUST00574,Yash Singh,4,711.08,two-year,370.0,8.7,1,0,manual,0
CUST00575,Pooja Kapoor,1,889.81,two-year,472.8,-15.0,1,0,autopay,0
CUST00576,Aryan Desai,27,1107.89,month-to-month,388.2,0.9,0,0,autopay,0
CUST00577,Ishita Agarwal,67,688.11,month-to-month,339.5,37.6,0,0,manual,0
CUST00578,Kavya Bhatt,38,1198.79,month-to-month,306.6,-2.3,0,1,autopay,1
CUST00579,Pooja Reddy,65,502.21,one-year,203.1,-14.5,1,0,manual,0
CUST00580,Deepak Verma,8,953.11,month-to-month,309.9,-5.1,0,1,autopay,0
CUST00581,Krishna Chatterjee,7,1172.92,month-to-month,496.4,-0.3,1,0,manual,0
CUST00582,Deepak Patel,61,1081.01,two-year,303.3,-4.7,0,0,manual,0
CUST00583,Kabir Nair,8,1520.76,two-year,195.4,-2.6,1,0,autopay,0
CUST00584,Vivaan Nair,4,582.8,two-year,251.1,-28.0,0,0,manual,0
CUST00585,Myra Chauhan,30,367.3,two-year,348.1,-19.3,1,1,autopay,0
CUST00586,Yash Nair,67,501.98,one-year,267.7,-4.7,0,2,manual,0
CUST00587,Ishaan Singh,50,1081.15,one-year,387.9,-5.0,1,1,manual,0
CUST00588,Kavya Ghosh,8,1024.27,one-year,393.2,-12.2,2,0,manual,1
CUST00589,Kiran Verma,61,885.79,month-to-month,444.5,-5.2,0,1,manual,0
CUST00590,Sneha Reddy,61,456.97,month-to-month,519.3,-0.9,0,1,autopay,0
CUST00591,Vikram Menon,58,1118.4,month-to-month,459.4,14.0,1,0,autopay,1
CUST00592,Krishna Verma,65,421.35,one-year,189.2,-3.8,1,0,autopay,0
CUST00593,Vihaan Chopra,18,1255.63,month-to-month,193.5,5.2,1,0,manual,0
CUST00594,Ananya Menon,71,1850.1,month-to-month,309.4,-11.7,0,1,manual,1
CUST00595,Manoj Chauhan,24,978.26,one-year,256.8,8.3,0,0,manual,0
CUST00596,Divya Singh,58,1054.09,month-to-month,160.6,4.8,2,0,autopay,1
CUST00597,Arjun Joshi,42,677.5,month-to-month,258.2,13.6,0,0,autopay,0
CUST00598,Anika Kumar,57,299.0,one-year,253.6,10.8,0,0,manual,0
CUST00599,Aadhya Reddy,46,639.05,two-year,225.9,8.6,0,0,manual,0
CUST00600,Suresh Mukherjee,47,467.49,month-to-month,275.8,-3.8,3,1,autopay,0
CUST00601,Rohan Kapoor,45,343.55,month-to-month,485.0,2.4,0,1,autopay,0
CUST00602,Riya Nair,57,1452.83,month-to-month,347.9,17.1,1,1,autopay,1
CUST00603,Anjali Pillai,54,945.5,one-year,666.1,-13.7,1,0,autopay,0
CUST00604,Anika Gupta,10,982.89,two-year,343.9,-13.3,0,0,manual,0
CUST00605,Manoj Rao,60,741.84,month-to-month,279.4,1.3,1,1,autopay,0
CUST00606,Meera Mehta,39,789.5,one-year,320.6,5.5,1,0,autopay,0
CUST00607,Sneha Das,24,1187.59,month-to-month,355.9,-16.8,0,0,autopay,0
CUST00608,Dhruv Joshi,38,838.68,month-to-month,380.9,-3.3,0,0,autopay,0
CUST00609,Simran Bhatt,70,1035.74,two-year,610.7,-3.7,0,1,manual,0
CUST00610,Aryan Gupta,62,781.4,month-to-month,201.7,-41.9,0,0,autopay,0
CUST00611,Pallavi Bhatt,61,730.25,month-to-month,440.3,-6.0,0,0,autopay,0
CUST00612,Simran Kapoor,34,357.58,month-to-month,349.1,-4.8,1,0,autopay,0
CUST00613,Ishita Pillai,57,299.0,one-year,100.0,-4.9,0,1,manual,0
CUST00614,Kiran Iyer,28,758.45,two-year,427.9,23.5,0,1,manual,0
CUST00615,Vikram Menon,50,869.77,two-year,497.5,-23.9,0,1,autopay,0
CUST00616,Suresh Ghosh,47,399.85,month-to-month,200.0,-16.8,1,1,manual,0
CUST00617,Vihaan Chauhan,18,837.93,month-to-month,318.7,-49.0,0,0,autopay,0
CUST00618,Reyansh Bose,20,868.81,one-year,78.5,-10.7,0,1,autopay,1
CUST00619,Vihaan Bose,5,299.0,month-to-month,143.8,-9.1,0,0,autopay,0
CUST00620,Vivaan Banerjee,11,529.71,two-year,466.7,-11.2,0,0,manual,0
CUST00621,Anjali Kumar,32,992.54,one-year,254.7,17.9,0,0,manual,0
CUST00622,Ishaan Reddy,35,985.47,month-to-month,164.8,13.5,1,1,autopay,0
CUST00623,Aarav Iyer,12,446.21,two-year,352.1,-0.6,0,0,autopay,0
CUST00624,Swati Kapoor,31,905.46,month-to-month,246.9,-8.7,0,0,autopay,0
CUST00625,Karan Iyer,44,1207.84,month-to-month,254.1,16.5,1,0,autopay,0
CUST00626,Sanjay Menon,17,1121.98,one-year,423.5,-2.4,0,0,autopay,0
CUST00627,Nikita Kapoor,25,816.65,month-to-month,157.4,-16.7,0,0,autopay,0
CUST00628,Priya Singh,27,686.21,one-year,193.2,-32.9,1,0,manual,0
CUST00629,Pallavi Agarwal,37,629.73,one-year,341.6,-9.9,1,0,autopay,0
CUST00630,Nikita Desai,27,1013.74,two-year,455.7,11.6,0,0,manual,0
CUST00631,Reyansh Pandey,54,918.29,two-year,493.3,39.0,2,0,autopay,0
CUST00632,Krishna Das,24,1070.29,month-to-month,226.9,-0.9,1,1,autopay,1
CUST00633,Diya Joshi,32,896.16,month-to-month,451.2,-15.8,0,0,autopay,1
CUST00634,Neha Kapoor,28,1136.57,one-year,210.2,-23.3,2,1,manual,1
CUST00635,Manoj Pandey,14,883.11,two-year,575.7,7.9,1,0,autopay,0
CUST00636,Ishaan Kulkarni,50,1124.64,month-to-month,161.3,-33.8,0,1,autopay,1
CUST00637,Rohan Bhatt,17,1154.79,month-to-month,506.0,7.9,1,1,manual,1
CUST00638,Yash Chopra,22,568.42,month-to-month,228.1,12.7,1,2,manual,0
CUST00639,Karan Pandey,58,299.0,month-to-month,601.9,5.9,1,1,manual,0
CUST00640,Swati Pillai,69,1390.22,one-year,402.8,-6.0,2,0,autopay,0
CUST00641,Aadhya Iyer,49,939.83,month-to-month,177.8,8.2,0,0,autopay,0
CUST00642,Kiran Agarwal,66,299.0,one-year,246.9,1.1,0,0,manual,0
CUST00643,Aditya Rao,62,600.16,two-year,429.4,-16.0,0,0,manual,0
CUST00644,Arjun Joshi,35,1120.16,one-year,467.4,31.3,0,0,manual,1
CUST00645,Deepak Banerjee,56,752.11,month-to-month,310.1,-8.3,0,0,autopay,0
CUST00646,Aryan Pandey,24,670.78,month-to-month,326.3,12.0,2,0,autopay,1
CUST00647,Vihaan Desai,34,1340.31,one-year,426.2,-45.5,0,1,manual,1
CUST00648,Sneha Ghosh,39,483.45,one-year,338.5,21.0,1,1,manual,1
CUST00649,Krishna Malhotra,70,570.65,month-to-month,138.9,24.4,1,1,autopay,0
CUST00650,Aditya Kapoor,62,923.99,two-year,206.2,-1.5,0,1,manual,0
CUST00651,Aadhya Patel,36,986.66,month-to-month,352.9,8.1,0,1,autopay,1
CUST00652,Neha Chauhan,47,1023.72,two-year,490.2,8.1,1,0,autopay,0
CUST00653,Priya Rao,15,1168.93,month-to-month,546.2,-13.6,1,0,autopay,1
CUST00654,Sneha Shah,58,919.5,month-to-month,429.1,7.8,0,1,manual,0
CUST00655,Vivaan Das,40,1021.28,month-to-month,360.2,-16.6,1,1,autopay,0
CUST00656,Karan Rao,39,759.28,month-to-month,424.8,-13.0,0,0,autopay,0
CUST00657,Ananya Pandey,56,871.94,month-to-month,226.7,18.3,0,0,manual,0
CUST00658,Yash Chopra,46,887.64,month-to-month,298.5,15.5,1,0,autopay,0
CUST00659,Neha Shah,6,925.28,month-to-month,204.6,-14.7,0,1,manual,1
CUST00660,Kabir Sharma,21,1120.39,one-year,145.2,-15.2,3,1,autopay,1
CUST00661,Tanvi Patel,13,1044.3,month-to-month,366.7,-13.6,1,1,autopay,1
CUST00662,Pallavi Reddy,53,865.48,one-year,346.0,11.2,0,0,manual,1
CUST00663,Nisha Pandey,3,566.81,one-year,416.3,-20.0,1,0,manual,0
CUST00664,Saanvi Mukherjee,15,873.68,month-to-month,396.5,4.4,1,0,autopay,1
CUST00665,Kavya Verma,44,840.19,month-to-month,354.0,11.4,0,2,manual,1
CUST00666,Sneha Shah,51,917.61,two-year,397.9,-3.6,0,0,manual,0
CUST00667,Vikram Ghosh,37,1622.28,one-year,314.0,16.2,1,0,manual,0
CUST00668,Yash Desai,62,666.68,month-to-month,377.8,-7.5,1,0,manual,1
CUST00669,Vivaan Banerjee,67,997.8,one-year,218.3,-5.8,0,0,autopay,0
CUST00670,Amit Patel,10,1223.96,month-to-month,371.8,-19.6,1,0,autopay,1
CUST00671,Nisha Chopra,69,884.3,month-to-month,413.6,16.3,1,0,autopay,0
CUST00672,Arjun Kumar,45,1668.25,one-year,226.2,-15.8,1,1,autopay,1
CUST00673,Tanvi Ghosh,46,717.69,month-to-month,327.3,4.3,0,0,manual,0
CUST00674,Vihaan Reddy,7,963.43,one-year,232.7,-3.3,0,0,autopay,1
CUST00675,Tanvi Singh,45,570.42,month-to-month,246.3,-21.0,2,0,autopay,1
CUST00676,Suresh Menon,53,726.97,one-year,162.5,-13.0,1,0,autopay,0
CUST00677,Aarav Sharma,42,937.13,month-to-month,497.2,22.9,1,0,autopay,0
CUST00678,Vikram Sharma,7,1146.21,month-to-month,469.2,1.6,1,0,autopay,0
CUST00679,Sai Patel,38,961.68,month-to-month,395.2,-20.2,1,1,manual,1
CUST00680,Dhruv Bhatt,68,1290.69,month-to-month,596.1,3.5,1,1,autopay,1
CUST00681,Amit Malhotra,53,816.76,one-year,293.5,-4.6,0,0,autopay,0
CUST00682,Diya Rao,10,733.74,month-to-month,744.4,60.2,0,0,autopay,1
CUST00683,Nikita Agarwal,70,1796.39,month-to-month,288.1,3.1,1,0,manual,1
CUST00684,Swati Menon,70,987.98,month-to-month,355.7,-8.9,0,2,autopay,0
CUST00685,Simran Mukherjee,13,598.18,month-to-month,264.3,23.6,0,0,autopay,0
CUST00686,Sai Menon,58,607.01,one-year,372.1,-35.1,0,0,autopay,0
CUST00687,Ishaan Chopra,30,520.06,month-to-month,437.0,-0.3,1,0,autopay,0
CUST00688,Ishaan Joshi,43,1177.8,two-year,304.1,33.9,0,1,manual,0
CUST00689,Sneha Joshi,33,722.47,month-to-month,568.7,-4.1,1,0,manual,0
CUST00690,Kavya Kapoor,57,894.58,one-year,353.5,-33.2,1,0,manual,0
CUST00691,Suresh Agarwal,72,827.77,month-to-month,357.9,-9.1,0,0,manual,0
CUST00692,Karan Singh,58,1106.02,month-to-month,192.7,24.2,0,0,autopay,0
CUST00693,Rohan Patel,68,553.64,two-year,378.6,4.8,0,1,autopay,0
CUST00694,Nisha Menon,69,473.55,two-year,301.2,-17.1,0,0,autopay,0
CUST00695,Meera Gupta,7,928.5,two-year,234.8,-14.3,0,0,autopay,0
CUST00696,Amit Bhatt,19,1060.34,month-to-month,211.3,-12.1,0,0,autopay,1
CUST00697,Yash Das,52,966.39,month-to-month,694.0,4.5,1,0,autopay,0
CUST00698,Priya Verma,43,566.69,one-year,283.1,22.1,1,0,autopay,0
CUST00699,Pallavi Mukherjee,4,1087.12,month-to-month,116.0,16.9,1,0,autopay,0
CUST00700,Meera Malhotra,7,589.65,one-year,222.2,6.2,2,0,manual,1
CUST00701,Pallavi Bose,38,667.46,one-year,312.8,-26.0,1,1,manual,0
CUST00702,Kavya Ghosh,45,519.62,one-year,396.5,-25.9,1,1,manual,0
CUST00703,Aditya Bose,13,1305.41,one-year,397.7,7.6,0,1,autopay,0
CUST00704,Ramesh Mehta,13,1071.7,one-year,414.7,-26.2,0,0,autopay,0
CUST00705,Anika Bose,10,1061.75,month-to-month,229.7,-6.1,1,0,manual,1
CUST00706,Aditya Ghosh,41,1286.52,month-to-month,367.7,3.5,1,0,manual,1
CUST00707,Reyansh Agarwal,1,1834.43,one-year,197.4,-22.5,0,1,autopay,1
CUST00708,Rajat Mukherjee,42,299.0,month-to-month,233.2,-20.4,0,0,autopay,0
CUST00709,Rohan Ghosh,35,591.57,month-to-month,191.5,-3.7,2,1,autopay,1
CUST00710,Rahul Mukherjee,34,634.34,month-to-month,153.6,7.1,1,2,manual,1
CUST00711,Meera Singh,49,552.21,one-year,469.0,17.1,0,1,manual,0
CUST00712,Rajat Kumar,38,472.85,one-year,416.4,8.9,0,0,autopay,0
CUST00713,Arjun Shah,53,745.12,one-year,456.7,-0.7,0,1,autopay,0
CUST00714,Vihaan Verma,56,424.19,month-to-month,325.5,-15.4,0,0,autopay,0
CUST00715,Swati Kumar,67,967.26,month-to-month,428.8,-21.3,1,0,autopay,0
CUST00716,Ananya Rao,58,868.09,month-to-month,73.4,-11.2,2,0,manual,1
CUST00717,Sai Joshi,38,1018.36,month-to-month,440.8,5.4,1,0,autopay,0
CUST00718,Vikram Das,36,1027.7,one-year,344.8,4.1,0,0,autopay,0
CUST00719,Kiran Joshi,17,1061.05,one-year,407.8,-39.8,1,1,autopay,1
CUST00720,Sai Joshi,44,719.31,month-to-month,373.2,-16.1,1,0,manual,0
CUST00721,Swati Pandey,11,1592.4,month-to-month,181.8,19.7,1,0,autopay,0
CUST00722,Vikram Reddy,68,932.05,month-to-month,110.3,-0.6,0,0,autopay,0
CUST00723,Dhruv Das,61,299.0,two-year,220.3,-27.5,1,0,manual,0
CUST00724,Manoj Mehta,9,499.17,one-year,399.1,40.4,0,0,manual,0
CUST00725,Kavya Iyer,57,299.0,month-to-month,416.6,-2.5,1,0,manual,0
CUST00726,Tanvi Patel,9,856.07,two-year,128.5,4.9,0,0,manual,0
CUST00727,Reyansh Verma,52,807.37,month-to-month,182.6,5.2,0,0,autopay,0
CUST00728,Aryan Nair,7,686.05,month-to-month,218.7,-8.6,0,0,manual,0
CUST00729,Manoj Rao,36,1553.82,two-year,270.0,-15.1,2,0,manual,1
CUST00730,Deepak Patel,48,1042.14,month-to-month,129.3,36.2,0,0,autopay,0
CUST00731,Aarav Iyer,53,1104.13,month-to-month,120.9,16.1,0,0,manual,0
CUST00732,Kabir Bhatt,31,524.12,one-year,204.9,12.8,2,0,autopay,1
CUST00733,Meera Malhotra,67,500.3,month-to-month,332.1,8.4,0,0,autopay,0
CUST00734,Shreya Joshi,56,862.88,one-year,154.7,-20.1,2,0,autopay,1
CUST00735,Rahul Verma,15,910.55,month-to-month,303.8,21.0,1,0,autopay,0
CUST00736,Amit Pillai,49,299.0,month-to-month,468.2,-17.2,0,1,manual,0
CUST00737,Saanvi Singh,53,786.89,month-to-month,137.8,3.1,1,0,autopay,0
CUST00738,Aditya Verma,25,854.93,month-to-month,291.1,-31.5,0,0,autopay,0
CUST00739,Ramesh Shah,54,774.7,month-to-month,463.5,-38.7,2,2,autopay,1
CUST00740,Deepak Mukherjee,65,565.31,month-to-month,261.4,3.7,1,0,autopay,1
CUST00741,Myra Nair,59,661.16,two-year,239.7,-16.6,1,0,autopay,0
CUST00742,Ishita Pandey,55,788.1,month-to-month,482.9,-37.8,1,0,autopay,0
CUST00743,Aryan Gupta,46,881.78,month-to-month,277.1,7.7,0,0,manual,0
CUST00744,Myra Verma,20,1061.68,month-to-month,474.6,36.2,2,0,manual,1
CUST00745,Aryan Shah,58,1228.3,month-to-month,380.1,23.0,0,2,autopay,0
CUST00746,Kavya Mukherjee,27,746.98,month-to-month,272.0,-6.6,1,1,manual,0
CUST00747,Reyansh Malhotra,39,690.35,one-year,387.2,-1.8,0,0,manual,0
CUST00748,Meera Verma,23,1003.18,month-to-month,364.9,14.0,3,1,manual,1
CUST00749,Aryan Mukherjee,23,1063.8,two-year,462.9,18.2,0,0,autopay,0
CUST00750,Vikram Singh,12,698.03,two-year,243.2,-8.2,1,0,autopay,0
CUST00751,Ishita Verma,70,1126.64,month-to-month,325.8,-1.4,0,0,manual,0
CUST00752,Shreya Banerjee,11,1192.85,month-to-month,311.4,3.4,2,0,autopay,1
CUST00753,Kabir Pillai,7,1302.09,month-to-month,418.6,8.0,0,0,autopay,0
CUST00754,Karan Singh,68,1472.41,one-year,176.5,-4.4,2,0,manual,0
CUST00755,Aryan Kapoor,40,546.75,month-to-month,462.4,-4.2,1,0,autopay,0
CUST00756,Tanvi Joshi,32,854.86,two-year,385.3,22.8,1,0,manual,0
CUST00757,Sai Das,54,853.95,one-year,135.6,19.8,2,1,autopay,0
CUST00758,Rahul Bose,28,815.67,one-year,489.2,6.6,0,0,manual,0
CUST00759,Sanjay Nair,10,622.76,month-to-month,632.8,28.9,0,1,autopay,1
CUST00760,Rahul Reddy,53,330.05,two-year,460.3,-9.0,3,0,autopay,0
CUST00761,Reyansh Chauhan,13,882.44,month-to-month,519.8,27.2,0,1,manual,1
CUST00762,Riya Kumar,40,581.08,month-to-month,332.0,7.8,2,0,autopay,1
CUST00763,Priya Chopra,69,880.1,month-to-month,87.4,56.9,1,1,manual,1
CUST00764,Saanvi Malhotra,68,572.08,two-year,61.8,-23.5,0,0,manual,0
CUST00765,Anika Pandey,26,465.12,one-year,355.7,-14.4,0,0,autopay,0
CUST00766,Ramesh Banerjee,57,932.0,one-year,237.1,5.5,0,2,autopay,0
CUST00767,Anjali Mehta,45,902.82,month-to-month,192.0,5.2,0,1,manual,0
CUST00768,Yash Chopra,35,1052.75,two-year,311.2,33.1,3,2,manual,1
CUST00769,Rajat Kumar,11,1615.05,month-to-month,406.2,-14.0,0,0,manual,1
CUST00770,Rohan Nair,28,947.05,month-to-month,116.6,14.3,0,0,autopay,1
CUST00771,Aadhya Das,47,1019.78,two-year,257.2,18.9,1,0,manual,0
CUST00772,Neha Mehta,72,472.85,month-to-month,531.4,10.7,2,0,autopay,0
CUST00773,Vikram Bhatt,1,399.58,month-to-month,169.5,-19.3,0,2,manual,0
CUST00774,Dhruv Bose,52,1403.99,one-year,441.8,23.3,0,1,autopay,0
CUST00775,Kabir Das,61,526.78,month-to-month,252.1,20.1,0,0,autopay,0
CUST00776,Vivaan Patel,69,484.62,month-to-month,396.4,8.8,0,0,manual,0
CUST00777,Arjun Patel,31,836.32,month-to-month,473.6,1.7,1,0,manual,1
CUST00778,Aditya Malhotra,9,818.43,month-to-month,423.8,2.1,1,0,autopay,0
CUST00779,Rohan Banerjee,20,534.12,two-year,447.3,-3.4,2,1,manual,0
CUST00780,Amit Mehta,62,743.26,one-year,158.8,9.5,1,0,autopay,0
CUST00781,Manoj Desai,64,1280.28,month-to-month,475.9,-1.4,2,0,autopay,0
CUST00782,Nikita Malhotra,46,567.9,month-to-month,200.6,-17.3,1,0,autopay,0
CUST00783,Neha Reddy,9,362.21,month-to-month,356.3,-20.9,2,2,autopay,0
CUST00784,Myra Patel,9,1179.91,one-year,356.2,-15.5,0,0,autopay,1
CUST00785,Shreya Pillai,35,1022.3,two-year,387.9,2.0,1,0,autopay,0
CUST00786,Krishna Banerjee,43,632.82,two-year,367.2,-2.5,0,0,autopay,0
CUST00787,Tanvi Malhotra,3,299.0,month-to-month,201.9,1.9,2,0,manual,1
CUST00788,Sanjay Kumar,50,589.38,month-to-month,131.0,7.0,0,0,manual,0
CUST00789,Ishita Iyer,40,830.85,month-to-month,442.1,-13.3,1,0,manual,1
CUST00790,Dhruv Ghosh,1,1257.99,one-year,346.0,24.4,1,0,autopay,0
CUST00791,Meera Kapoor,7,487.2,month-to-month,480.9,-6.8,1,0,manual,1
CUST00792,Simran Verma,33,820.42,one-year,313.7,-9.8,1,0,autopay,0
CUST00793,Aryan Malhotra,53,1086.3,one-year,123.3,6.7,1,0,manual,0
CUST00794,Pooja Verma,60,299.0,month-to-month,455.3,-35.1,0,0,autopay,0
CUST00795,Aditya Kumar,32,1211.83,month-to-month,268.1,-16.2,1,0,autopay,1
CUST00796,Aryan Chopra,22,436.14,month-to-month,367.9,15.7,0,0,autopay,0
CUST00797,Ramesh Kumar,70,966.2,month-to-month,229.4,-33.3,1,0,manual,1
CUST00798,Riya Nair,34,936.34,month-to-month,550.2,18.1,0,2,manual,0
CUST00799,Rohan Singh,23,1229.61,one-year,197.3,25.2,0,1,manual,0
CUST00800,Ananya Shah,32,1042.82,month-to-month,272.8,-8.7,0,0,manual,1
CUST00801,Sai Verma,1,299.0,month-to-month,335.0,3.3,2,0,manual,0
CUST00802,Manoj Iyer,22,575.33,one-year,167.1,18.1,0,0,autopay,0
CUST00803,Swati Nair,38,898.37,one-year,366.3,-10.4,0,0,manual,0
CUST00804,Sai Agarwal,67,781.76,month-to-month,545.7,13.6,0,1,autopay,0
CUST00805,Aryan Das,54,1017.16,one-year,251.3,-14.1,1,0,autopay,0
CUST00806,Kiran Patel,57,1126.28,two-year,375.3,-10.6,0,0,autopay,0
CUST00807,Divya Banerjee,40,1062.96,one-year,10.0,-16.4,1,0,manual,0
CUST00808,Ramesh Banerjee,8,775.0,one-year,314.5,4.2,0,0,manual,0
CUST00809,Vikram Menon,29,299.0,month-to-month,276.2,18.8,0,0,autopay,0
CUST00810,Kiran Desai,72,690.58,two-year,205.4,-5.3,1,0,autopay,0
CUST00811,Diya Nair,4,995.73,month-to-month,471.4,-24.9,0,1,autopay,1
CUST00812,Divya Menon,64,468.34,two-year,274.3,-21.5,1,0,manual,0
CUST00813,Divya Chauhan,50,1070.95,one-year,295.2,5.1,0,1,manual,0
CUST00814,Aryan Rao,21,1167.94,month-to-month,267.2,31.2,0,0,autopay,0
CUST00815,Vihaan Nair,57,894.4,month-to-month,51.6,5.1,0,1,autopay,0
CUST00816,Priya Singh,61,299.0,one-year,161.5,-9.0,0,0,autopay,0
CUST00817,Ramesh Bhatt,4,402.67,one-year,454.6,11.8,0,0,autopay,0
CUST00818,Anjali Kulkarni,8,1510.17,month-to-month,24.6,-6.3,1,0,autopay,1
CUST00819,Reyansh Bhatt,48,658.71,one-year,212.7,-8.8,2,0,autopay,0
CUST00820,Saanvi Patel,72,299.0,two-year,264.0,-19.3,0,0,autopay,0
CUST00821,Ramesh Banerjee,2,1282.34,month-to-month,564.1,23.4,3,0,autopay,0
CUST00822,Aditya Iyer,48,854.67,month-to-month,427.6,-47.7,0,0,manual,1
CUST00823,Vikram Pillai,10,1236.73,month-to-month,242.0,12.4,0,0,autopay,0
CUST00824,Karan Menon,47,946.94,one-year,502.6,-10.3,1,0,autopay,0
CUST00825,Vivaan Mukherjee,45,1010.5,month-to-month,216.3,-9.4,0,0,manual,0
CUST00826,Aryan Banerjee,7,977.05,two-year,461.3,28.5,1,1,manual,0
CUST00827,Suresh Pillai,50,1094.12,month-to-month,129.8,-14.9,1,0,autopay,0
CUST00828,Kiran Kulkarni,65,1647.1,one-year,470.3,-14.2,1,0,autopay,0
CUST00829,Vihaan Malhotra,63,1189.85,month-to-month,263.1,-4.3,1,0,manual,1
CUST00830,Anika Mukherjee,3,299.0,month-to-month,176.0,5.4,2,0,autopay,0
CUST00831,Rohan Malhotra,18,1006.33,one-year,289.6,-10.0,0,1,manual,1
CUST00832,Rahul Chopra,18,1249.52,month-to-month,358.8,-30.3,1,0,autopay,1
CUST00833,Manoj Joshi,33,1270.95,month-to-month,250.7,-17.6,0,0,autopay,0
CUST00834,Nikita Bhatt,11,700.69,two-year,397.6,21.1,0,1,autopay,0
CUST00835,Diya Bose,62,1257.73,two-year,238.4,-0.7,0,0,manual,0
CUST00836,Yash Kapoor,56,1174.71,two-year,406.9,6.1,0,0,autopay,0
CUST00837,Yash Iyer,59,1750.38,month-to-month,381.9,-6.7,1,1,autopay,0
CUST00838,Ramesh Kulkarni,15,587.5,one-year,311.5,-13.9,1,2,autopay,1
CUST00839,Myra Banerjee,2,672.41,two-year,258.2,28.2,0,1,manual,0
CUST00840,Vivaan Singh,66,742.86,month-to-month,341.2,-5.4,0,0,autopay,0
CUST00841,Swati Chatterjee,21,678.42,month-to-month,397.0,-10.0,2,0,manual,1
CUST00842,Arjun Pandey,48,538.49,one-year,608.7,17.7,0,1,manual,0
CUST00843,Pallavi Ghosh,66,299.0,month-to-month,451.5,-15.0,0,0,autopay,0
CUST00844,Krishna Chauhan,3,697.86,one-year,456.6,-12.7,0,0,manual,0
CUST00845,Priya Pandey,1,979.28,two-year,752.4,-1.8,1,0,manual,0
CUST00846,Yash Shah,1,677.37,one-year,392.2,-2.0,2,1,autopay,1
CUST00847,Rahul Pillai,12,1527.38,month-to-month,387.9,2.7,1,0,autopay,1
CUST00848,Aadhya Singh,4,854.68,month-to-month,418.6,35.7,1,2,autopay,1
CUST00849,Diya Iyer,60,1301.86,month-to-month,178.7,4.1,1,0,autopay,1
CUST00850,Anika Patel,44,941.5,month-to-month,257.9,-44.8,0,0,autopay,1
CUST00851,Nikita Ghosh,71,1139.24,one-year,249.1,3.9,1,0,manual,0
CUST00852,Aryan Mehta,58,947.73,two-year,410.7,-1.3,0,0,manual,0
CUST00853,Kabir Bose,70,1329.07,month-to-month,295.6,-1.2,1,0,autopay,0
CUST00854,Vihaan Mukherjee,18,869.58,month-to-month,339.4,2.4,2,1,autopay,1
CUST00855,Suresh Mukherjee,21,1023.64,two-year,472.2,-2.5,0,2,autopay,1
CUST00856,Rahul Bhatt,62,978.22,month-to-month,440.8,-2.9,0,0,autopay,0
CUST00857,Meera Shah,18,749.1,month-to-month,297.4,9.0,1,1,autopay,0
CUST00858,Vivaan Chatterjee,5,991.74,month-to-month,226.2,-11.8,0,0,manual,0
CUST00859,Manoj Nair,49,1632.04,one-year,478.9,-19.1,0,0,manual,0
CUST00860,Deepak Joshi,58,755.36,month-to-month,428.3,52.4,0,0,autopay,0
CUST00861,Swati Gupta,70,996.81,one-year,95.1,-14.9,1,1,manual,0
CUST00862,Pallavi Patel,67,1290.22,month-to-month,276.2,-0.2,2,0,autopay,0
CUST00863,Dhruv Verma,9,1249.09,one-year,343.2,-28.9,0,0,manual,0
CUST00864,Vikram Singh,56,854.1,month-to-month,429.0,0.1,0,0,autopay,1
CUST00865,Aadhya Patel,61,299.0,month-to-month,447.4,-18.8,1,2,autopay,0
CUST00866,Sneha Gupta,51,1030.85,month-to-month,359.7,-10.0,1,0,manual,1
CUST00867,Rajat Verma,60,299.0,month-to-month,401.9,16.8,3,0,autopay,0
CUST00868,Nisha Malhotra,61,1364.48,month-to-month,329.0,6.5,1,0,autopay,0
CUST00869,Swati Patel,33,909.32,month-to-month,225.7,8.2,0,0,autopay,0
CUST00870,Nisha Desai,3,1199.89,month-to-month,283.4,-33.9,0,0,manual,1
CUST00871,Pallavi Gupta,33,534.26,month-to-month,322.7,31.1,0,1,manual,0
CUST00872,Pallavi Ghosh,15,306.62,two-year,315.1,-23.5,1,0,autopay,0
CUST00873,Sai Rao,9,941.26,month-to-month,56.0,25.5,0,1,autopay,0
CUST00874,Nikita Pillai,9,838.24,one-year,264.4,16.4,1,0,manual,0
CUST00875,Sanjay Agarwal,51,677.96,two-year,327.9,8.4,1,1,autopay,0
CUST00876,Kavya Chauhan,37,879.63,month-to-month,280.6,-17.4,0,0,autopay,0
CUST00877,Sneha Mehta,39,1818.6,one-year,285.4,0.7,1,0,manual,0
CUST00878,Meera Joshi,54,1142.08,two-year,388.3,-10.5,0,1,autopay,0
CUST00879,Manoj Chauhan,40,1217.32,one-year,168.9,-1.5,0,0,manual,0
CUST00880,Deepak Malhotra,46,1145.38,month-to-month,92.1,-6.5,1,0,autopay,0
CUST00881,Arjun Chatterjee,7,1367.81,month-to-month,271.3,-38.7,1,0,manual,1
CUST00882,Aarav Ghosh,62,783.47,month-to-month,427.0,18.2,0,1,autopay,0
CUST00883,Aryan Pandey,33,299.0,month-to-month,556.3,-3.5,0,0,autopay,0
CUST00884,Priya Kulkarni,12,783.99,two-year,429.5,-10.7,0,0,autopay,0
CUST00885,Anjali Bose,59,1134.11,two-year,114.4,-12.1,0,0,manual,0
CUST00886,Nisha Kumar,53,510.57,month-to-month,287.5,4.5,1,0,manual,1
CUST00887,Reyansh Desai,4,788.27,one-year,355.9,-18.1,0,0,manual,0
CUST00888,Vikram Agarwal,14,607.88,month-to-month,344.9,-42.6,1,0,autopay,0
CUST00889,Anika Bose,2,1375.71,two-year,395.5,5.3,0,0,autopay,0
CUST00890,Diya Kumar,20,1112.31,month-to-month,191.6,7.3,0,2,manual,1
CUST00891,Manoj Malhotra,8,1078.04,two-year,329.1,-5.6,0,0,manual,0
CUST00892,Yash Gupta,52,1067.56,two-year,378.8,-22.7,0,0,autopay,0
CUST00893,Meera Menon,38,836.96,month-to-month,435.6,-0.4,1,0,manual,1
CUST00894,Ishaan Bhatt,71,919.14,month-to-month,207.2,-28.4,1,0,autopay,1
CUST00895,Saanvi Iyer,54,435.19,two-year,271.7,-20.5,1,1,autopay,0
CUST00896,Neha Kapoor,45,299.0,month-to-month,10.0,-15.5,0,0,manual,0
CUST00897,Meera Bose,37,902.53,month-to-month,233.0,13.2,0,1,autopay,0
CUST00898,Pallavi Singh,4,963.4,two-year,246.6,-8.5,0,0,autopay,0
CUST00899,Karan Rao,6,1273.24,one-year,177.3,-10.1,2,0,autopay,1
CUST00900,Shreya Gupta,45,1399.97,month-to-month,343.2,33.2,1,0,manual,1
CUST00901,Sanjay Kulkarni,1,1399.5,month-to-month,312.2,4.3,0,1,autopay,1
CUST00902,Diya Chopra,4,500.69,month-to-month,10.0,4.1,1,0,manual,0
CUST00903,Reyansh Mehta,16,726.71,two-year,350.2,-8.7,0,0,autopay,0
CUST00904,Dhruv Kumar,64,1018.12,month-to-month,190.0,-12.7,1,1,autopay,1
CUST00905,Nisha Patel,34,1736.17,month-to-month,388.0,-41.4,1,0,autopay,1
CUST00906,Manoj Verma,52,1368.03,month-to-month,140.5,15.4,0,0,autopay,0
CUST00907,Meera Das,30,1241.79,two-year,324.2,6.1,0,1,autopay,0
CUST00908,Vikram Kulkarni,13,714.27,month-to-month,280.4,-5.2,1,0,autopay,0
CUST00909,Arjun Singh,27,540.88,two-year,362.4,-4.5,0,1,manual,0
CUST00910,Ishita Kapoor,7,1126.12,one-year,337.5,11.3,3,0,autopay,1
CUST00911,Kiran Rao,56,464.77,two-year,284.3,-30.0,0,0,manual,0
CUST00912,Saanvi Joshi,14,766.55,two-year,104.9,-12.6,1,0,manual,0
CUST00913,Shreya Bhatt,28,809.83,two-year,113.2,-22.5,2,0,autopay,0
CUST00914,Sai Desai,71,1407.52,two-year,238.3,29.9,0,0,autopay,0
CUST00915,Nikita Das,43,725.86,month-to-month,318.8,13.8,1,0,autopay,0
CUST00916,Manoj Menon,34,299.0,one-year,234.8,-41.6,0,0,autopay,0
CUST00917,Tanvi Mukherjee,40,1026.56,month-to-month,407.5,-29.2,0,0,autopay,1
CUST00918,Meera Rao,57,605.34,month-to-month,280.9,-4.4,2,1,autopay,1
CUST00919,Pallavi Iyer,19,864.92,two-year,184.9,-10.5,2,0,autopay,0
CUST00920,Saanvi Pillai,46,819.65,two-year,281.1,-25.8,0,0,autopay,0
CUST00921,Krishna Chopra,63,754.2,one-year,351.6,33.0,1,1,manual,0
CUST00922,Pallavi Kapoor,42,1126.62,month-to-month,365.5,3.6,0,0,autopay,0
CUST00923,Arjun Nair,33,313.5,month-to-month,583.0,6.5,0,0,autopay,0
CUST00924,Nisha Nair,11,669.05,month-to-month,226.4,-14.5,4,0,autopay,1
CUST00925,Dhruv Verma,18,1089.41,month-to-month,309.7,11.0,0,1,manual,0
CUST00926,Pallavi Iyer,69,635.07,month-to-month,379.7,-8.8,3,1,autopay,1
CUST00927,Nikita Shah,39,299.0,month-to-month,316.7,-7.1,0,0,autopay,0
CUST00928,Anika Iyer,22,1083.99,month-to-month,249.9,9.0,1,0,manual,0
CUST00929,Priya Pillai,31,1243.08,one-year,103.1,-31.3,0,2,autopay,0
CUST00930,Myra Verma,42,834.25,month-to-month,248.5,26.7,0,0,autopay,0
CUST00931,Kavya Mukherjee,39,299.0,two-year,169.7,1.3,0,1,autopay,0
CUST00932,Pallavi Iyer,51,1097.09,one-year,78.3,21.1,0,1,manual,0
CUST00933,Karan Das,19,299.0,month-to-month,208.6,-21.4,3,0,manual,1
CUST00934,Nikita Sharma,47,958.08,month-to-month,173.4,-18.6,0,0,manual,1
CUST00935,Nisha Mukherjee,32,539.39,month-to-month,401.7,-22.9,0,1,autopay,0
CUST00936,Nikita Chauhan,68,444.06,two-year,404.2,2.5,0,0,autopay,0
CUST00937,Meera Kapoor,12,695.33,month-to-month,193.5,-0.8,0,0,autopay,0
CUST00938,Sanjay Rao,11,785.85,month-to-month,283.6,-10.4,2,0,manual,1
CUST00939,Riya Mukherjee,34,624.53,two-year,59.8,-20.3,0,1,manual,0
CUST00940,Anika Bhatt,37,1056.05,two-year,250.8,-24.8,0,0,manual,1
CUST00941,Dhruv Banerjee,50,693.88,month-to-month,375.9,-2.9,0,1,autopay,0
CUST00942,Kabir Desai,30,1193.07,month-to-month,435.5,-10.4,0,0,manual,1
CUST00943,Vivaan Menon,66,948.41,month-to-month,220.2,-14.3,0,0,manual,0
CUST00944,Saanvi Kapoor,35,605.85,month-to-month,467.3,25.8,0,0,manual,0
CUST00945,Simran Mehta,10,546.92,month-to-month,107.8,-3.5,0,0,manual,1
CUST00946,Swati Ghosh,9,299.0,one-year,145.3,20.9,1,0,autopay,0
CUST00947,Amit Chauhan,71,951.76,two-year,419.4,-11.6,0,0,manual,0
CUST00948,Diya Chatterjee,10,725.89,month-to-month,554.0,2.4,0,1,autopay,1
CUST00949,Ishita Nair,69,299.0,one-year,389.1,-3.0,0,1,autopay,0
CUST00950,Ramesh Gupta,21,662.5,month-to-month,314.4,-32.6,1,0,manual,1
CUST00951,Aarav Mehta,7,534.64,one-year,12.7,23.7,2,2,manual,1
CUST00952,Pallavi Pillai,22,1401.49,one-year,36.9,-4.4,0,0,manual,1
CUST00953,Kiran Menon,45,299.0,two-year,338.1,11.4,0,0,autopay,0
CUST00954,Nikita Sharma,31,345.53,two-year,269.9,-15.5,0,0,autopay,0
CUST00955,Arjun Malhotra,57,1238.49,month-to-month,165.2,-5.0,1,0,autopay,1
CUST00956,Swati Reddy,44,1324.87,month-to-month,329.2,-17.6,0,0,manual,1
CUST00957,Meera Shah,29,589.26,month-to-month,336.1,20.2,0,1,manual,0
CUST00958,Neha Verma,46,628.77,month-to-month,452.2,3.6,0,0,manual,0
CUST00959,Ishaan Verma,70,1065.68,two-year,339.1,4.6,1,0,autopay,0
CUST00960,Riya Chopra,30,299.0,month-to-month,492.0,22.4,0,1,autopay,0
CUST00961,Diya Bhatt,12,299.0,one-year,321.1,18.8,0,0,manual,0
CUST00962,Simran Sharma,30,751.74,month-to-month,303.9,11.8,1,0,autopay,0
CUST00963,Ananya Kumar,61,1392.46,month-to-month,469.0,-27.6,1,0,manual,1
CUST00964,Kabir Das,16,697.49,month-to-month,183.0,-14.5,0,1,autopay,0
CUST00965,Swati Bhatt,69,885.33,one-year,714.0,-20.1,1,1,autopay,0
CUST00966,Rohan Mukherjee,43,1246.83,one-year,372.5,11.1,0,0,autopay,0
CUST00967,Shreya Chopra,44,1587.41,month-to-month,373.3,1.1,1,0,manual,1
CUST00968,Nikita Agarwal,23,648.1,month-to-month,393.5,-27.0,0,0,manual,0
CUST00969,Yash Mehta,67,844.11,one-year,582.8,-5.4,1,0,manual,0
CUST00970,Amit Iyer,3,1487.72,month-to-month,431.0,-28.9,0,0,manual,1
CUST00971,Deepak Bhatt,22,317.23,two-year,95.3,-3.0,0,1,autopay,0
CUST00972,Priya Chopra,31,1209.65,month-to-month,516.5,-31.8,1,1,manual,1
CUST00973,Amit Verma,35,493.59,month-to-month,272.3,7.5,0,0,manual,0
CUST00974,Reyansh Pillai,35,885.87,month-to-month,335.0,4.8,1,2,autopay,1
CUST00975,Ishita Chopra,11,765.08,month-to-month,140.9,32.3,1,1,manual,1
CUST00976,Ishita Mukherjee,17,514.7,month-to-month,393.7,13.3,0,0,autopay,0
CUST00977,Pooja Pillai,7,505.91,month-to-month,228.8,-9.6,0,0,autopay,0
CUST00978,Swati Menon,42,946.75,two-year,334.0,12.7,1,0,autopay,0
CUST00979,Sanjay Patel,26,1198.44,month-to-month,280.2,-27.2,1,0,manual,1
CUST00980,Sneha Malhotra,41,804.59,month-to-month,589.5,-19.3,2,0,autopay,1
CUST00981,Aadhya Nair,43,874.54,month-to-month,597.5,4.0,2,2,autopay,1
CUST00982,Aadhya Pillai,51,1049.91,month-to-month,326.5,-40.8,0,1,manual,0
CUST00983,Aarav Nair,40,509.93,one-year,329.0,-2.7,1,0,autopay,0
CUST00984,Neha Chatterjee,47,1108.89,month-to-month,267.7,-20.4,0,0,manual,1
CUST00985,Dhruv Bhatt,43,1136.77,one-year,474.8,-0.2,0,0,manual,0
CUST00986,Divya Menon,47,1761.27,month-to-month,274.0,-21.4,1,0,autopay,1
CUST00987,Manoj Malhotra,45,718.36,two-year,261.0,5.6,1,0,autopay,0
CUST00988,Shreya Verma,23,689.67,month-to-month,457.0,-1.7,0,0,manual,0
CUST00989,Simran Sharma,18,1119.14,two-year,244.6,23.2,1,0,autopay,0
CUST00990,Aadhya Gupta,57,1136.69,month-to-month,314.7,-1.9,0,0,autopay,0
CUST00991,Kavya Rao,25,662.72,month-to-month,98.6,-15.8,0,0,manual,1
CUST00992,Meera Verma,40,708.89,one-year,418.6,-6.4,1,0,manual,0
CUST00993,Kavya Chatterjee,15,1039.4,one-year,591.7,-26.2,0,1,manual,0
CUST00994,Karan Sharma,32,560.35,one-year,421.0,5.3,0,1,autopay,0
CUST00995,Amit Pillai,39,706.31,month-to-month,524.7,8.6,0,0,manual,0
CUST00996,Myra Singh,46,881.36,one-year,201.5,42.4,0,0,manual,0
CUST00997,Swati Pandey,38,1198.58,two-year,353.1,-13.2,0,0,manual,0
CUST00998,Kabir Kapoor,26,638.39,one-year,188.0,-6.8,0,0,manual,0
CUST00999,Myra Bhatt,70,299.0,month-to-month,288.1,-12.4,0,0,manual,0
CUST01000,Priya Chauhan,37,299.0,one-year,428.1,1.8,1,2,autopay,1
